candidateId,.NET,.NET Framework,J2SE,MS SQL Server v2005,MS SQL Server v2012,MS SQL Server v2017,.NET Framework v1.1,.NET Framework v3.5,.NET Framework v4.0,.NET Framework v4.5,.NET Framework v4.5.1,.NET Framework v4.5.2,.NET Framework v4.7.1,VB.NET v7.1,J2SE v1.3,J2SE v1.4,Java SE v6,Oral English,Writting English,Insurance,Amazon AWS,CLOUD Computing,JAVA,JDK,MS SQL Server Azure,VB.NET,MS SQL Server v2000,.NET Framework v4.6.1,.NET Framework v4.8,C# v6.0,C# v7.0,C# v7.3,VB.NET v7.0,VB.NET v8.0,J2SE v5.0,Java SE v10,Java SE v9,Angular v4.0,Angular v5.0,Self-Confidence,Time Management,Credit Cards,Manufacturing,Retail,MS SQL Server v6.0,.NET Framework v4.7,Java SE v11,Banking,MS Azure,MS SQL Server v2008,MS SQL Server v6.5,.NET Framework v1.0,.NET Framework v2.0,C# v1.0,C# v1.2,C# v2.0,C# v5.0,J2SE v1.2,MS SQL Server Reporting Services,Positive Attitude,Team Player,Java SE,.NET Framework v4.7.2,C# v4.0,VB.NET v14.0,Problem Solving,MS SQL Server Azure v2010,C# v7.1,VB.NET v15.0,Java SE v12,Angular vJS,MS SQL Server Database Administrator,Communication,Energy,C# v3.0,VB.NET v11.0,MS SQL Server TSQL Developer,Logistics,C# v7.2,Java SE v8,Planning,Working Well Under Pressure,MS SQL Server v7.0,C# v1.1,VB.NET v9.0,Angular v2.0,Flexibility/Adaptability,MS SQL Server v2008 R2,MS SQL Server v2016,VB.NET v10.0,JDK v1.1,MS SQL Server Integration Services,Oracle,.NET Framework v4.6.2,MS C++,Java SE v7,C#,SQL,.NET Framework v3.0,.NET Framework v4.6,Leadership,JDK v1.0,MS SQL Server,Angular,MS SQL Server v2014
1,0,0.0000,0.0000,0.0000,0.0000,0.0000,0.0000,0.0000,0.0000,0.0000,0.0000,0.0000,0.0000,0.0000,0.0000,0.0000,0.0000,0.0000,0.4457,0.1000,0.0000,0.0000,0.0000,0.0000,0.0000,0.0000,0.0000,0.0000,0.0000,0.0000,0.0000,0.0000,0.0000,0.0000,0.0000,0.0000,0.0000,0.0000,0.0000,0.0000,0.5000,0.5000,0.0000,0.0000,0.0000,0.0000,0.0000,0.0000,0.0000,0.0000,0.0000,0.0000,0.0000,0.0000,0.0000,0.0000,0.0000,0.0000,0.0000,0.0000,0.5000,0.5000,0.0000,0.0000,0.0000,0.0000,0.5000,0.0000,0.0000,0.0000,0.0000,0.0000,0.0000,0.5000,0.0000,0.0000,0.0000,0.0000,0.0000,0.0000,0.0000,0.5000,0.5000,0.0000,0.0000,0.0000,0.0000,0.5000,0.0000,0.0000,0.0000,0.0000,0.0000,0.0000,0.0000,0.0000,0.0000,0.0000,0.0000,0.0000,0.0000,0.5000,0.0000,0.0000,0.0000,0.0000
2,0,0.0000,0.0000,0.0000,0.2500,0.2500,0.2500,0.0000,0.7102,0.0000,0.0000,0.0000,0.0775,0.0000,0.0000,0.3444,0.0000,0.0000,0.0461,0.5000,0.4498,0.3212,0.0159,0.0715,0.5518,0.9081,0.6749,0.6828,0.7463,0.1974,0.2668,0.9364,0.1353,0.0958,0.1017,0.5140,0.6521,0.2455,0.2391,0.8075,0.6714,0.2230,0.4993,0.7824,0.6501,0.2500,0.0000,0.0000,0.1000,0.0000,0.2500,0.2500,0.0000,0.0000,0.0000,0.0000,0.0000,0.0000,0.0000,0.0000,0.5000,0.5000,0.0000,0.0000,0.0000,0.0000,0.5000,0.1000,0.0000,0.0000,0.0000,0.0000,0.1000,0.5000,0.1000,0.0000,0.0000,0.2500,0.1000,0.0000,0.0000,0.5000,0.5000,0.2500,0.0000,0.0000,0.0000,0.5000,0.2500,0.2500,0.0000,0.0000,0.0000,0.1000,0.0000,0.0000,0.0000,0.0000,0.2000,0.0000,0.0000,0.5000,0.0000,0.2000,0.0000,0.2500
3,0,0.0000,0.0000,0.7664,0.2500,0.2500,0.2500,0.0000,0.0000,0.0000,0.0000,0.1595,0.7457,0.3660,0.0000,0.0000,0.0000,0.4620,0.8436,0.5000,0.1000,0.0000,0.0000,0.4559,0.0000,0.1500,0.0000,0.2500,0.0000,0.0000,0.0000,0.0000,0.0000,0.0000,0.7017,0.0000,0.0000,0.0000,0.0000,0.0000,0.5000,0.5000,0.1000,0.1000,0.1000,0.9742,0.3276,0.1132,0.5282,0.0000,0.2500,0.2500,0.0000,0.0000,0.0000,0.0000,0.0000,0.0000,0.0000,0.0000,0.5000,0.5000,0.0000,0.0000,0.0000,0.0000,0.5000,0.1000,0.0000,0.0000,0.0000,0.0000,0.1000,0.5000,0.1000,0.0000,0.0000,0.2500,0.1000,0.0000,0.0000,0.5000,0.5000,0.2500,0.0000,0.0000,0.0000,0.5000,0.2500,0.2500,0.0000,0.0000,0.0000,0.1000,0.0000,0.0000,0.0000,0.0000,0.2000,0.0000,0.0000,0.5000,0.0000,0.2000,0.0000,0.2500
4,0,0.4839,0.0000,0.4093,0.2500,0.2500,0.2500,0.0000,0.0000,0.0000,0.0000,0.0000,0.0000,0.0000,0.0000,0.0000,0.0000,0.0000,0.2500,0.5000,0.1000,0.0000,0.0000,0.8111,0.0000,0.1500,0.0000,0.2500,0.0000,0.1071,0.0000,0.0000,0.0000,0.0000,0.0000,0.0000,0.0000,0.0000,0.0000,0.0000,0.0639,0.5000,0.1000,0.1000,0.1000,0.2500,0.0000,0.0000,0.1000,0.8098,0.8169,0.1941,0.8232,0.1345,0.6323,0.4450,0.1191,0.7691,0.0654,0.3197,0.5181,0.1312,0.0000,0.0000,0.0000,0.0000,0.5000,0.1000,0.0000,0.0000,0.0000,0.0000,0.1000,0.5000,0.1000,0.0000,0.0000,0.2500,0.1000,0.0000,0.0000,0.5000,0.5000,0.2500,0.0000,0.0000,0.0000,0.5000,0.2500,0.2500,0.0000,0.0000,0.0000,0.1000,0.0000,0.0000,0.0000,0.0000,0.2000,0.0000,0.0000,0.5000,0.0000,0.2000,0.0000,0.2500
5,0,0.0000,0.0000,0.0000,0.2500,0.2500,0.2500,0.5931,0.0000,0.6659,0.0000,0.8651,0.0000,0.0000,0.0000,0.5603,0.0000,0.0000,0.3257,0.5000,0.2641,0.3882,0.0000,0.0000,0.0000,0.1500,0.0000,0.2500,0.7936,0.4924,0.0000,0.0000,0.0795,0.0000,0.0000,0.0000,0.4704,0.0000,0.0000,0.8101,0.6819,0.5000,0.1000,0.1000,0.1000,0.2500,0.0000,0.0000,0.1000,0.0000,0.5063,0.6265,0.0000,0.0000,0.0000,0.0000,0.0000,0.0000,0.0000,0.0000,0.5000,0.5000,0.7605,0.4638,0.2088,0.1301,0.0275,0.1000,0.0000,0.0000,0.0000,0.0000,0.1000,0.5000,0.1000,0.0000,0.0000,0.2500,0.1000,0.0000,0.0000,0.5000,0.5000,0.2500,0.0000,0.0000,0.0000,0.5000,0.2500,0.2500,0.0000,0.0000,0.0000,0.1000,0.0000,0.0000,0.0000,0.0000,0.2000,0.0000,0.0000,0.5000,0.0000,0.2000,0.0000,0.2500
6,0,0.0000,0.0000,0.0000,0.2500,0.2500,0.2500,0.0000,0.0000,0.0000,0.9274,0.0000,0.5946,0.0000,0.0000,0.0000,0.0000,0.0000,0.2500,0.1756,0.1000,0.6530,0.0000,0.0000,0.5374,0.1500,0.0000,0.2500,0.2361,0.0000,0.0000,0.0000,0.0000,0.0000,0.0802,0.0000,0.0000,0.0000,0.0000,0.6183,0.5000,0.5000,0.1000,0.1000,0.8866,0.2500,0.2836,0.0000,0.1000,0.0000,0.2500,0.2500,0.1076,0.0000,0.0000,0.0000,0.0000,0.0000,0.0000,0.0000,0.1747,0.0267,0.0000,0.0000,0.0000,0.0000,0.5000,0.4828,0.8666,0.2745,0.5808,0.3420,0.4169,0.7736,0.9894,0.0000,0.0000,0.2500,0.1000,0.0000,0.0000,0.5000,0.5000,0.2500,0.0000,0.0000,0.0000,0.5000,0.2500,0.2500,0.0000,0.0000,0.0000,0.1000,0.0000,0.0000,0.0000,0.0000,0.2000,0.0000,0.0000,0.5000,0.0000,0.2000,0.0000,0.2500
7,0,0.0000,0.0000,0.0000,0.2500,0.2500,0.2500,0.0000,0.0000,0.0000,0.0000,0.0000,0.0000,0.0000,0.0000,0.7122,0.0000,0.0000,0.2500,0.5000,0.2579,0.0000,0.0000,0.0000,0.9794,0.1500,0.0000,0.2500,0.0000,0.0000,0.3630,0.0000,0.0000,0.0000,0.0000,0.0000,0.0000,0.0000,0.0000,0.0000,0.5000,0.5000,0.1000,0.1000,0.1000,0.9115,0.0000,0.0000,0.1000,0.3065,0.2500,0.2500,0.0000,0.0000,0.9916,0.0000,0.0981,0.0000,0.0000,0.0000,0.5000,0.5000,0.6377,0.0000,0.0000,0.0000,0.5000,0.1000,0.0000,0.0000,0.0000,0.0000,0.4003,0.4314,0.1312,0.8764,0.8614,0.9909,0.1626,0.0000,0.0000,0.5000,0.5000,0.2500,0.0000,0.0000,0.0000,0.5000,0.2500,0.2500,0.0000,0.0000,0.0000,0.1000,0.0000,0.0000,0.0000,0.0000,0.2000,0.0000,0.0000,0.5000,0.0000,0.2000,0.0000,0.2500
8,0,0.0000,0.0000,0.0000,0.2500,0.2500,0.2500,0.0000,0.0000,0.0000,0.0000,0.0000,0.4377,0.6645,0.0000,0.0000,0.5962,0.0000,0.2500,0.5000,0.1000,0.0000,0.0000,0.0000,0.8115,0.1500,0.0000,0.2500,0.0000,0.0000,0.0000,0.0000,0.0000,0.0000,0.0000,0.0000,0.0000,0.0000,0.0000,0.0000,0.9240,0.5000,0.1000,0.1000,0.1000,0.2500,0.0000,0.0000,0.1649,0.0000,0.1927,0.2242,0.1231,0.5843,0.0000,0.0000,0.0000,0.0000,0.0000,0.2976,0.5000,0.5000,0.0000,0.0000,0.8668,0.0000,0.5000,0.1000,0.0000,0.0000,0.0000,0.0000,0.1000,0.4389,0.2457,0.0000,0.0000,0.9196,0.1000,0.5095,0.6630,0.1745,0.8903,0.2500,0.0000,0.0000,0.0000,0.5000,0.2500,0.2500,0.0000,0.0000,0.0000,0.1000,0.0000,0.0000,0.0000,0.0000,0.2000,0.0000,0.0000,0.5000,0.0000,0.2000,0.0000,0.2500
9,0,0.7728,0.0000,0.0000,0.2500,0.2500,0.2500,0.0000,0.0000,0.0000,0.0000,0.0000,0.0000,0.0000,0.0000,0.0000,0.5511,0.3321,0.2500,0.5930,0.1000,0.0000,0.5925,0.0009,0.0000,0.1500,0.0000,0.2500,0.0000,0.0000,0.0000,0.0000,0.0000,0.0000,0.0000,0.0000,0.2823,0.0000,0.0000,0.0000,0.5000,0.5000,0.0073,0.8053,0.1000,0.0593,0.0000,0.0000,0.1000,0.0000,0.9106,0.2500,0.0000,0.0000,0.0000,0.3368,0.0000,0.0000,0.0000,0.0000,0.5000,0.5000,0.1005,0.0000,0.0000,0.0000,0.2145,0.1000,0.0000,0.0000,0.0000,0.0000,0.4166,0.5000,0.2813,0.9185,0.0000,0.2500,0.1000,0.0000,0.0000,0.5000,0.5000,0.9025,0.4127,0.8367,0.0011,0.9331,0.2500,0.2500,0.0000,0.0000,0.0000,0.1000,0.0000,0.0000,0.0000,0.0000,0.2000,0.0000,0.0000,0.5000,0.0000,0.2000,0.0000,0.2500
10,0,0.0000,0.0000,0.0524,0.2500,0.2500,0.2500,0.5644,0.0000,0.0000,0.8158,0.0000,0.9018,0.0000,0.0000,0.0000,0.2031,0.0000,0.2500,0.5000,0.1000,0.0000,0.0000,0.0000,0.0000,0.1500,0.0000,0.2500,0.3459,0.0000,0.0000,0.0000,0.0000,0.0000,0.0000,0.0000,0.0000,0.0000,0.7300,0.0213,0.6544,0.5000,0.1000,0.1000,0.4776,0.2500,0.0000,0.0000,0.1000,0.0000,0.2500,0.2500,0.0000,0.0000,0.0000,0.0000,0.0000,0.0000,0.0000,0.0000,0.5000,0.5000,0.8800,0.0000,0.9729,0.0000,0.4141,0.1000,0.0000,0.0000,0.0837,0.0000,0.1000,0.5000,0.1000,0.0000,0.0000,0.2500,0.1000,0.0000,0.0000,0.5000,0.1572,0.2500,0.0000,0.6873,0.6492,0.5000,0.4389,0.5798,0.0287,0.6207,0.7977,0.1000,0.0000,0.0000,0.0000,0.0000,0.2000,0.0000,0.0000,0.5000,0.0000,0.2000,0.0000,0.2500
11,0,0.0000,0.0000,0.0000,0.2500,0.2500,0.2500,0.2189,0.5451,0.0000,0.0000,0.0000,0.0000,0.0000,0.0000,0.0000,0.0000,0.0000,0.2500,0.3187,0.1000,0.0000,0.0000,0.0000,0.0000,0.1500,0.0000,0.2500,0.0000,0.0000,0.0000,0.0000,0.0000,0.8994,0.0000,0.0000,0.0000,0.8473,0.0000,0.0000,0.5000,0.5000,0.1000,0.1000,0.1000,0.2500,0.0000,0.0000,0.5744,0.0000,0.2500,0.9278,0.0000,0.0000,0.3571,0.0000,0.0000,0.0000,0.0000,0.0000,0.5000,0.5000,0.0000,0.6282,0.0000,0.0000,0.8175,0.1000,0.6281,0.0000,0.0000,0.0000,0.1000,0.5000,0.1000,0.0000,0.0000,0.2500,0.1000,0.0000,0.0000,0.5000,0.5875,0.2500,0.0000,0.0000,0.0000,0.5000,0.8306,0.2500,0.0000,0.0000,0.0000,0.4017,0.3205,0.0000,0.0000,0.0000,0.2000,0.0000,0.0000,0.5000,0.0000,0.2000,0.0000,0.2500
12,0,0.0000,0.0000,0.0000,0.2500,0.0189,0.2500,0.0000,0.0000,0.0000,0.0000,0.0000,0.0000,0.0000,0.0000,0.0000,0.0000,0.4724,0.2500,0.5000,0.1000,0.0000,0.8997,0.7077,0.0000,0.9615,0.0000,0.2500,0.3471,0.9910,0.0000,0.0000,0.0000,0.0000,0.0000,0.0000,0.0000,0.0000,0.0000,0.0000,0.5000,0.5000,0.1000,0.8060,0.1000,0.1266,0.0000,0.4669,0.1000,0.0000,0.2500,0.2500,0.0000,0.0000,0.0000,0.0000,0.0000,0.0000,0.0000,0.0000,0.5000,0.5000,0.9155,0.0000,0.0000,0.0000,0.5000,0.6924,0.0000,0.0000,0.0000,0.0000,0.1000,0.9078,0.2752,0.1355,0.0000,0.3342,0.1000,0.6587,0.2193,0.5000,0.5000,0.2500,0.0000,0.0000,0.0000,0.5000,0.2500,0.2500,0.4096,0.0000,0.0000,0.1000,0.0000,0.3596,0.0599,0.0000,0.2000,0.0000,0.0000,0.5000,0.0000,0.2000,0.0000,0.2500
13,0,0.0000,0.0000,0.0000,0.2500,0.9268,0.2500,0.0000,0.0000,0.0000,0.0000,0.0000,0.0000,0.0000,0.0000,0.1096,0.0000,0.5437,0.2500,0.5000,0.1000,0.9284,0.0243,0.2627,0.0000,0.1500,0.1449,0.0505,0.2897,0.0000,0.0000,0.0000,0.0000,0.0000,0.0000,0.0000,0.0000,0.2429,0.0000,0.0000,0.5000,0.8584,0.1000,0.1000,0.1000,0.2500,0.0000,0.0000,0.1000,0.0000,0.2500,0.1655,0.0000,0.6013,0.0000,0.1459,0.9500,0.0000,0.0000,0.0000,0.5000,0.9190,0.0000,0.1992,0.8556,0.0000,0.5360,0.1000,0.0000,0.8536,0.0000,0.0000,0.1000,0.7604,0.1000,0.0000,0.0000,0.2500,0.1000,0.0000,0.0000,0.8515,0.5000,0.2500,0.5583,0.0000,0.0000,0.5000,0.2500,0.5818,0.0000,0.0000,0.4319,0.1000,0.0000,0.0000,0.0000,0.6518,0.0440,0.0000,0.0000,0.5000,0.0000,0.2000,0.0000,0.2500
14,0,0.0000,0.0000,0.0000,0.2500,0.2500,0.2500,0.0000,0.0000,0.0000,0.0000,0.0000,0.0000,0.0000,0.0000,0.0000,0.0000,0.0000,0.6046,0.5000,0.3605,0.1686,0.0779,0.0000,0.0000,0.1500,0.0000,0.2500,0.0000,0.0000,0.1091,0.5248,0.0000,0.0000,0.0000,0.8887,0.0000,0.0000,0.0000,0.0000,0.5000,0.5000,0.1000,0.3782,0.1000,0.2500,0.0000,0.0000,0.1000,0.4926,0.2500,0.2500,0.0000,0.0000,0.0000,0.0000,0.0000,0.6153,0.0000,0.0000,0.5000,0.5000,0.0000,0.0000,0.2194,0.0000,0.5000,0.1000,0.0000,0.3380,0.0000,0.0000,0.1000,0.5000,0.1000,0.0000,0.0000,0.2500,0.1000,0.0000,0.0000,0.5000,0.5000,0.1978,0.0000,0.0000,0.0000,0.5000,0.2500,0.2500,0.8040,0.0000,0.0000,0.1000,0.0000,0.1440,0.0000,0.0000,0.2000,0.2396,0.2805,0.5736,0.0000,0.2000,0.0000,0.2500
15,0,0.0000,0.0000,0.0000,0.0000,0.0000,0.0000,0.0000,0.0000,0.0000,0.0000,0.0000,0.0000,0.0000,0.0000,0.0000,0.0000,0.0000,0.2500,0.5000,0.0000,0.0000,0.0000,0.0000,0.0000,0.0000,0.0000,0.0000,0.0000,0.0000,0.0000,0.0000,0.0000,0.0000,0.0000,0.0000,0.0000,0.0000,0.0000,0.0000,0.4215,0.4178,0.0000,0.0000,0.0000,0.0000,0.0000,0.0000,0.0000,0.0000,0.0000,0.0000,0.0000,0.0000,0.0000,0.0000,0.0000,0.0000,0.0000,0.0000,0.5000,0.2895,0.0000,0.0000,0.0000,0.0000,0.5000,0.0000,0.0000,0.0000,0.0000,0.0000,0.0000,0.5000,0.0000,0.0000,0.0000,0.0000,0.0000,0.0000,0.0000,0.5000,0.9289,0.0000,0.0000,0.0000,0.0000,0.1532,0.0000,0.0000,0.0000,0.0000,0.0000,0.0000,0.0000,0.0000,0.0000,0.0000,0.0000,0.0000,0.0000,0.5000,0.0000,0.0000,0.0000,0.0000
16,0,0.0000,0.0000,0.3636,0.2500,0.2500,0.2500,0.0000,0.0000,0.0000,0.0000,0.1761,0.0000,0.0000,0.0000,0.9399,0.4245,0.0000,0.2500,0.2781,0.1000,0.0000,0.0000,0.0000,0.0000,0.1500,0.0000,0.2500,0.1034,0.0000,0.0000,0.0339,0.0000,0.0000,0.0000,0.0000,0.0000,0.0000,0.0000,0.0000,0.5000,0.5000,0.9979,0.1000,0.4491,0.1015,0.0000,0.0000,0.1000,0.0000,0.9346,0.2500,0.0000,0.9690,0.0000,0.0000,0.0000,0.4437,0.0000,0.0000,0.5000,0.5000,0.0000,0.0000,0.0000,0.0000,0.5000,0.1000,0.0000,0.0000,0.0000,0.0000,0.1000,0.5000,0.1000,0.8442,0.0000,0.2500,0.1000,0.0000,0.0000,0.5000,0.5000,0.2500,0.0000,0.0000,0.0081,0.5000,0.2500,0.2500,0.0000,0.0000,0.0000,0.1000,0.2648,0.0000,0.0000,0.0000,0.2000,0.0000,0.0000,0.5000,0.0000,0.5338,0.0000,0.2500
17,0,0.0000,0.4094,0.0000,0.2500,0.2500,0.2500,0.5672,0.0000,0.0000,0.2435,0.0000,0.4505,0.0000,0.0000,0.8880,0.0000,0.0000,0.2500,0.6944,0.1000,0.0000,0.0000,0.0000,0.2556,0.1500,0.0000,0.5367,0.0000,0.0000,0.0000,0.0000,0.5782,0.0000,0.0000,0.8262,0.0000,0.0000,0.0000,0.0000,0.5000,0.5000,0.1000,0.1000,0.1000,0.2500,0.0000,0.0000,0.1000,0.0000,0.5879,0.0294,0.2147,0.0000,0.0000,0.0000,0.0000,0.9423,0.0000,0.0000,0.5000,0.5000,0.0000,0.0000,0.0000,0.0000,0.5000,0.1000,0.6377,0.0000,0.0000,0.0000,0.1000,0.5000,0.1000,0.0000,0.0000,0.8812,0.6876,0.5490,0.0000,0.8109,0.5000,0.2500,0.0616,0.0000,0.0000,0.5000,0.2500,0.2500,0.0000,0.0000,0.0000,0.1000,0.0000,0.0000,0.2361,0.8189,0.2000,0.2665,0.0000,0.5000,0.0000,0.2000,0.4664,0.2500
18,0,0.0000,0.0000,0.0000,0.0000,0.0000,0.0000,0.0000,0.0000,0.0000,0.0000,0.0000,0.0000,0.0000,0.0000,0.0000,0.0000,0.0000,0.2500,0.5000,0.0000,0.0000,0.0000,0.0000,0.0000,0.0000,0.0000,0.0000,0.0000,0.0000,0.0000,0.0000,0.0000,0.0000,0.0000,0.0000,0.0000,0.0000,0.0000,0.0000,0.5000,0.5000,0.0000,0.0000,0.0000,0.0000,0.0000,0.0000,0.0000,0.0000,0.0000,0.0000,0.0000,0.0000,0.0000,0.0000,0.0000,0.0000,0.0000,0.0000,0.5000,0.5000,0.0000,0.0000,0.0000,0.0000,0.5000,0.0000,0.0000,0.0000,0.0000,0.0000,0.0000,0.3549,0.0000,0.0000,0.0000,0.0000,0.0000,0.0000,0.0000,0.5000,0.5000,0.0000,0.0000,0.0000,0.0000,0.5000,0.0000,0.0000,0.0000,0.0000,0.0000,0.0000,0.0000,0.0000,0.0000,0.0000,0.0000,0.0000,0.0000,0.5000,0.0000,0.0000,0.0000,0.0000
19,0,0.0000,0.0000,0.0000,0.2500,0.2500,0.3055,0.0000,0.8961,0.0000,0.0000,0.0000,0.1268,0.0000,0.0000,0.0000,0.0000,0.0000,0.2500,0.5000,0.1000,0.0000,0.0000,0.3471,0.0000,0.1500,0.0000,0.2500,0.0000,0.0000,0.5627,0.0000,0.0000,0.4573,0.0000,0.4400,0.0000,0.0000,0.0000,0.0000,0.5000,0.6956,0.1334,0.1000,0.1000,0.2500,0.0000,0.7916,0.1000,0.0000,0.2500,0.4039,0.0000,0.0000,0.0000,0.0619,0.0000,0.0000,0.0000,0.0000,0.5000,0.9176,0.0000,0.0000,0.7224,0.0000,0.5000,0.1000,0.0000,0.0000,0.4646,0.4737,0.1000,0.1940,0.1000,0.0000,0.0000,0.5147,0.1000,0.6709,0.0000,0.5000,0.5000,0.2500,0.0000,0.0000,0.0000,0.5000,0.2500,0.2500,0.0000,0.0000,0.0000,0.1000,0.0000,0.0000,0.0000,0.4480,0.2000,0.0000,0.0000,0.5000,0.2313,0.2000,0.0000,0.6273
20,0,0.0000,0.0000,0.2136,0.2500,0.2500,0.2500,0.0000,0.0000,0.4039,0.0000,0.4346,0.0000,0.0000,0.0000,0.0000,0.0000,0.0000,0.2500,0.5000,0.0818,0.0000,0.0000,0.0000,0.0000,0.1500,0.0000,0.2500,0.0000,0.0000,0.0000,0.0000,0.0000,0.0000,0.0000,0.0000,0.0000,0.6293,0.0000,0.0000,0.5000,0.5000,0.5233,0.1000,0.1000,0.2500,0.0000,0.0000,0.0583,0.0000,0.2500,0.2500,0.9785,0.0000,0.0000,0.3463,0.0000,0.0000,0.5333,0.0000,0.5000,0.5000,0.0000,0.0000,0.0000,0.0000,0.5000,0.1000,0.0000,0.0000,0.0000,0.9461,0.1000,0.5000,0.1000,0.2238,0.0000,0.0897,0.1000,0.0780,0.0000,0.5000,0.5000,0.8281,0.0000,0.9977,0.0000,0.5000,0.2500,0.2500,0.1435,0.0000,0.0000,0.1000,0.0000,0.0000,0.0000,0.0000,0.2000,0.0000,0.0000,0.5000,0.0000,0.2000,0.0000,0.2500
21,0,0.0000,0.3209,0.3085,0.2500,0.2500,0.2500,0.9170,0.0000,0.0000,0.0000,0.0000,0.0000,0.3434,0.0000,0.0000,0.0000,0.0000,0.2500,0.5000,0.1000,0.0000,0.0000,0.0000,0.0000,0.1500,0.0000,0.2500,0.0000,0.9209,0.0000,0.0000,0.4926,0.0000,0.0000,0.0000,0.0000,0.0000,0.0000,0.8998,0.5000,0.8879,0.1000,0.1000,0.1000,0.2500,0.0000,0.0000,0.1000,0.0000,0.2500,0.2500,0.0000,0.0000,0.0000,0.0000,0.0000,0.0000,0.0000,0.0000,0.5000,0.7273,0.0000,0.0000,0.0000,0.0000,0.5000,0.1000,0.0000,0.9127,0.0000,0.0000,0.1000,0.5000,0.1000,0.0000,0.0000,0.2500,0.1000,0.0000,0.0000,0.4289,0.8638,0.0268,0.0000,0.0000,0.0000,0.5000,0.8502,0.2500,0.3709,0.1961,0.0000,0.1000,0.2825,0.0000,0.0000,0.0000,0.2000,0.0000,0.0000,0.5000,0.1262,0.2000,0.8672,0.2500
22,0,0.0000,0.0000,0.0000,0.2500,0.2500,0.2500,0.0000,0.0000,0.0000,0.0000,0.0000,0.0000,0.0000,0.0000,0.0000,0.0000,0.0000,0.2500,0.1203,0.1000,0.7444,0.0000,0.0000,0.0000,0.1546,0.0000,0.2500,0.0000,0.0000,0.0000,0.2902,0.0000,0.0000,0.0000,0.0000,0.0000,0.0000,0.0000,0.0000,0.1059,0.5000,0.1000,0.1000,0.1000,0.2500,0.0000,0.0000,0.1000,0.0000,0.2500,0.2500,0.5979,0.0000,0.5132,0.0000,0.0000,0.7566,0.0000,0.0000,0.5000,0.5000,0.0000,0.7509,0.0000,0.0000,0.5000,0.1000,0.0000,0.0000,0.4290,0.0000,0.1000,0.5000,0.7232,0.0000,0.0000,0.2500,0.1000,0.0000,0.0000,0.5000,0.1590,0.2500,0.7482,0.0000,0.0000,0.5000,0.2500,0.2500,0.0000,0.0000,0.0000,0.1000,0.0000,0.0000,0.0000,0.0000,0.2000,0.0000,0.0000,0.5000,0.0000,0.7015,0.0000,0.2500
23,0,0.0000,0.0000,0.0000,0.8304,0.2500,0.5810,0.4789,0.9540,0.0000,0.0000,0.0847,0.6570,0.0000,0.5232,0.0000,0.0000,0.3187,0.2500,0.2581,0.1000,0.0000,0.0000,0.0000,0.0000,0.4439,0.0000,0.6272,0.0000,0.0000,0.0980,0.0000,0.6265,0.0000,0.8081,0.0000,0.0000,0.0000,0.0000,0.0000,0.5000,0.5000,0.1000,0.1000,0.1000,0.2500,0.0000,0.0000,0.1000,0.0000,0.2500,0.2500,0.0000,0.0000,0.0324,0.0000,0.0856,0.0000,0.4975,0.3656,0.5000,0.5000,0.0000,0.0000,0.0000,0.8783,0.9971,0.1000,0.0000,0.0000,0.0000,0.0000,0.1000,0.5000,0.1000,0.0000,0.0000,0.7878,0.4915,0.0000,0.0000,0.5000,0.5000,0.2500,0.6525,0.0000,0.0000,0.5000,0.0349,0.2500,0.0000,0.6015,0.0000,0.1984,0.0000,0.0000,0.0000,0.0000,0.2000,0.3154,0.0000,0.5000,0.0000,0.2000,0.0000,0.2500
24,0,0.0000,0.0000,0.0000,0.1484,0.2500,0.0805,0.0000,0.0000,0.0000,0.0000,0.0000,0.0000,0.0000,0.0000,0.0000,0.0000,0.0000,0.2500,0.5000,0.1000,0.2642,0.0000,0.0000,0.0000,0.1500,0.0000,0.2500,0.0000,0.0000,0.0000,0.0000,0.0000,0.0000,0.9292,0.0000,0.0000,0.0000,0.3027,0.0000,0.5000,0.5000,0.1000,0.3728,0.1000,0.2500,0.0000,0.0000,0.1000,0.0000,0.2500,0.2500,0.0000,0.0000,0.0000,0.0000,0.0000,0.0000,0.0000,0.0000,0.5000,0.5000,0.0000,0.0000,0.0000,0.0000,0.5000,0.1000,0.0000,0.0320,0.9436,0.0000,0.1000,0.5000,0.9267,0.0000,0.0000,0.2500,0.1000,0.0000,0.0000,0.5000,0.5000,0.2500,0.0000,0.7082,0.0000,0.5000,0.2500,0.2500,0.0841,0.0000,0.8559,0.1000,0.0000,0.0000,0.0000,0.0000,0.2000,0.0000,0.0000,0.5000,0.0000,0.0362,0.0000,0.2500
25,0,0.0000,0.0000,0.0000,0.2500,0.2500,0.2500,0.0000,0.0000,0.0000,0.4512,0.0000,0.4540,0.0000,0.0000,0.0000,0.0000,0.6345,0.6230,0.1491,0.1000,0.0000,0.0000,0.0000,0.0000,0.1500,0.2770,0.2500,0.9365,0.0000,0.9188,0.0000,0.0730,0.0459,0.0000,0.0000,0.0000,0.9576,0.6987,0.0000,0.5000,0.4883,0.4907,0.7001,0.1000,0.2500,0.0000,0.4577,0.1000,0.1676,0.2500,0.2500,0.7992,0.0000,0.0000,0.0000,0.0000,0.0000,0.0000,0.0000,0.5000,0.5000,0.0000,0.0000,0.0000,0.0000,0.5556,0.1000,0.0000,0.0000,0.0000,0.0000,0.1000,0.5000,0.7664,0.0000,0.0000,0.2500,0.1000,0.3887,0.2266,0.5000,0.5000,0.2500,0.0000,0.0000,0.9368,0.6458,0.7196,0.2500,0.0000,0.0000,0.0000,0.1000,0.4445,0.0000,0.0000,0.0000,0.2000,0.0000,0.0000,0.5000,0.0000,0.2728,0.0159,0.3637
26,0,0.0000,0.0000,0.0000,0.2500,0.9359,0.2500,0.0000,0.0000,0.0000,0.0000,0.0000,0.0000,0.0000,0.0000,0.0000,0.0000,0.0000,0.2500,0.5000,0.1000,0.0000,0.0000,0.0000,0.0000,0.1500,0.0000,0.2500,0.0000,0.6379,0.0000,0.0000,0.0000,0.0000,0.9061,0.0000,0.4058,0.0000,0.0000,0.1358,0.5000,0.5000,0.1000,0.1000,0.1000,0.2500,0.0000,0.0000,0.1000,0.0000,0.2500,0.2500,0.0000,0.0000,0.0000,0.0000,0.0000,0.0000,0.0000,0.0000,0.5000,0.5000,0.0000,0.0000,0.7859,0.0000,0.5000,0.1000,0.9137,0.0000,0.6503,0.0000,0.6969,0.5000,0.7589,0.0000,0.0000,0.2500,0.1000,0.5729,0.0000,0.5000,0.5000,0.2500,0.0000,0.0000,0.0000,0.7339,0.2500,0.2500,0.0000,0.0000,0.0000,0.1000,0.0000,0.0000,0.8814,0.1470,0.2000,0.0000,0.0000,0.5000,0.2228,0.2000,0.3001,0.2500
27,0,0.0000,0.0000,0.0000,0.2500,0.2500,0.2500,0.5627,0.0000,0.0000,0.0000,0.0000,0.0000,0.0000,0.0000,0.6508,0.0000,0.0000,0.2500,0.5000,0.1000,0.9648,0.0000,0.0000,0.0000,0.1500,0.0000,0.2500,0.0000,0.4347,0.0000,0.3432,0.0000,0.0000,0.0000,0.0000,0.0000,0.0000,0.0000,0.0000,0.5000,0.5000,0.2161,0.1000,0.1000,0.2500,0.0000,0.4709,0.1000,0.0000,0.2500,0.6160,0.0000,0.0000,0.4633,0.9936,0.0000,0.0000,0.0000,0.0000,0.5000,0.5000,0.0000,0.6090,0.0000,0.2380,0.5000,0.1000,0.0000,0.0000,0.0000,0.6684,0.1000,0.5000,0.1000,0.2558,0.2792,0.4822,0.1000,0.0000,0.0000,0.1773,0.5000,0.4611,0.0000,0.0000,0.0000,0.5000,0.0609,0.2500,0.0000,0.3908,0.0000,0.2615,0.0000,0.0000,0.0000,0.0000,0.2000,0.0000,0.0000,0.5000,0.0000,0.2000,0.0000,0.2500
28,0,0.1324,0.5449,0.0000,0.2500,0.2500,0.2500,0.0000,0.0000,0.0000,0.0000,0.0000,0.0000,0.0000,0.0000,0.0000,0.0000,0.0000,0.2500,0.5000,0.8696,0.0000,0.0000,0.0000,0.6534,0.1500,0.0000,0.2500,0.0000,0.6747,0.0000,0.3879,0.5900,0.0000,0.0000,0.0000,0.1588,0.0000,0.0000,0.0000,0.5000,0.5000,0.1000,0.1000,0.1000,0.9050,0.3867,0.0000,0.1000,0.0000,0.2500,0.2500,0.0000,0.1453,0.0000,0.7780,0.0000,0.0000,0.5552,0.0000,0.2637,0.5000,0.0000,0.8055,0.0000,0.4741,0.5000,0.1000,0.0000,0.4956,0.0000,0.0000,0.1000,0.5000,0.1000,0.0000,0.0000,0.9883,0.1400,0.0000,0.0000,0.5000,0.5000,0.2500,0.8959,0.3323,0.0000,0.5000,0.2500,0.2500,0.0000,0.9300,0.0000,0.1000,0.0392,0.0000,0.0000,0.0000,0.2000,0.0000,0.0000,0.5000,0.0000,0.2000,0.1990,0.2500
29,0,0.0000,0.0000,0.0000,0.2500,0.2500,0.2500,0.0000,0.3253,0.0000,0.0000,0.0000,0.0000,0.0000,0.0000,0.0000,0.0000,0.0000,0.2500,0.5000,0.1000,0.0000,0.0000,0.1032,0.0000,0.1500,0.0000,0.2500,0.0000,0.0000,0.0000,0.0000,0.0000,0.0000,0.5692,0.0000,0.0000,0.7525,0.0000,0.7681,0.4461,0.6982,0.6950,0.1000,0.1000,0.2500,0.0000,0.0000,0.1000,0.0000,0.2500,0.2500,0.0000,0.0000,0.1878,0.0000,0.0000,0.0168,0.0000,0.0000,0.5000,0.5000,0.0000,0.0000,0.0000,0.0000,0.5000,0.1000,0.0000,0.5831,0.0000,0.0000,0.1000,0.5000,0.5466,0.4219,0.0000,0.2500,0.1000,0.9025,0.0000,0.5000,0.5000,0.2500,0.0000,0.0000,0.0000,0.5000,0.2500,0.6266,0.5714,0.0000,0.0000,0.1000,0.0000,0.0000,0.0000,0.3933,0.2000,0.5159,0.8440,0.5000,0.0000,0.2000,0.4209,0.2500
30,0,0.0000,0.0000,0.3364,0.2500,0.1519,0.2500,0.0000,0.8928,0.0000,0.0000,0.0000,0.8819,0.0000,0.0000,0.0000,0.0000,0.0000,0.8499,0.1207,0.1000,0.6534,0.0000,0.0000,0.0000,0.1500,0.0000,0.2500,0.0000,0.0000,0.0000,0.0000,0.0000,0.3397,0.0000,0.0000,0.0000,0.7600,0.0000,0.5258,0.5000,0.5000,0.1000,0.1000,0.0400,0.2500,0.0000,0.0000,0.1000,0.0000,0.4184,0.2500,0.0000,0.0000,0.0000,0.2001,0.0000,0.0000,0.0000,0.0000,0.5214,0.5000,0.5173,0.9310,0.0000,0.0000,0.5000,0.7788,0.0000,0.0000,0.0000,0.0000,0.1000,0.5000,0.1000,0.4739,0.2050,0.7811,0.8445,0.0000,0.0000,0.5000,0.5000,0.2500,0.1444,0.0000,0.0000,0.5000,0.2500,0.2500,0.0000,0.0000,0.0000,0.1000,0.3141,0.0000,0.2580,0.0000,0.2000,0.0000,0.0000,0.5000,0.0000,0.2000,0.0000,0.8090
31,0,0.0000,0.0000,0.0000,0.2500,0.2500,0.2500,0.6277,0.4841,0.0000,0.2774,0.0000,0.0000,0.0000,0.0000,0.0000,0.0000,0.0000,0.2500,0.5000,0.1000,0.0000,0.0000,0.0000,0.0000,0.1500,0.0000,0.2500,0.0000,0.0000,0.0000,0.0000,0.0000,0.0000,0.9886,0.0000,0.0000,0.6328,0.0000,0.0000,0.5000,0.6520,0.1000,0.1000,0.1000,0.2500,0.1703,0.0000,0.1000,0.0000,0.2500,0.2500,0.0000,0.0000,0.0000,0.0000,0.0000,0.1494,0.0000,0.0000,0.5000,0.5000,0.0000,0.0000,0.7262,0.0000,0.5000,0.1000,0.8774,0.0000,0.0000,0.0000,0.1000,0.6125,0.1000,0.0000,0.5711,0.2500,0.1000,0.0000,0.0000,0.5000,0.5000,0.8761,0.0000,0.0000,0.0000,0.5000,0.2500,0.2500,0.0000,0.0000,0.0000,0.1000,0.3546,0.0000,0.0581,0.0000,0.2000,0.0000,0.0000,0.5000,0.0000,0.2000,0.0000,0.2500
32,0,0.0000,0.3809,0.0000,0.2500,0.2500,0.2500,0.0000,0.0000,0.0000,0.6904,0.0000,0.1661,0.0000,0.0000,0.0000,0.7138,0.0000,0.5270,0.5000,0.6176,0.0000,0.0000,0.0000,0.0000,0.1500,0.4119,0.2185,0.0000,0.0000,0.6357,0.0000,0.1338,0.0000,0.0000,0.0000,0.1303,0.7321,0.0000,0.0000,0.5000,0.5000,0.1000,0.1000,0.1000,0.2500,0.0000,0.0000,0.1000,0.0000,0.2500,0.2500,0.0000,0.0764,0.3012,0.0000,0.0000,0.0000,0.0000,0.0000,0.1117,0.5000,0.0000,0.2852,0.0000,0.0000,0.1142,0.1000,0.0000,0.0000,0.0000,0.0000,0.8413,0.5000,0.1000,0.8061,0.0000,0.2500,0.1000,0.0000,0.0000,0.5000,0.1941,0.2500,0.0931,0.0000,0.0000,0.5000,0.2500,0.2500,0.0000,0.0000,0.0000,0.1000,0.0000,0.3157,0.0000,0.0000,0.2000,0.0000,0.0000,0.5000,0.9787,0.6120,0.0000,0.2500
33,0,0.9260,0.0000,0.3910,0.2500,0.2500,0.2500,0.0000,0.0000,0.0000,0.0000,0.0000,0.0000,0.2959,0.0000,0.0000,0.0000,0.0000,0.1467,0.5000,0.1000,0.0000,0.0000,0.0000,0.0000,0.9444,0.0000,0.5492,0.0000,0.0000,0.0000,0.0000,0.0000,0.0000,0.0000,0.0000,0.0000,0.0000,0.0000,0.0000,0.5000,0.1879,0.1000,0.1000,0.1000,0.2500,0.0000,0.0000,0.1000,0.0000,0.2500,0.2500,0.3782,0.0000,0.7339,0.0000,0.0000,0.3869,0.0000,0.0000,0.5000,0.5000,0.0000,0.0000,0.0000,0.3856,0.5000,0.1000,0.0000,0.0000,0.0000,0.2519,0.1000,0.5000,0.1000,0.0455,0.0000,0.2500,0.1524,0.0000,0.0000,0.5000,0.5000,0.2500,0.0000,0.0000,0.0000,0.5000,0.2500,0.2500,0.0000,0.0000,0.0000,0.1000,0.0000,0.0000,0.0000,0.0000,0.2000,0.0000,0.0000,0.5000,0.9547,0.2000,0.3439,0.2500
34,0,0.0000,0.0000,0.0000,0.2500,0.2500,0.2500,0.0000,0.0000,0.0000,0.0000,0.0000,0.0280,0.3057,0.8026,0.0000,0.0000,0.0000,0.2500,0.5000,0.1000,0.0000,0.5658,0.0000,0.0000,0.1500,0.0000,0.2500,0.0000,0.0000,0.0000,0.4079,0.3205,0.0000,0.0000,0.0000,0.0000,0.9122,0.0000,0.0000,0.5000,0.5000,0.1000,0.1000,0.1143,0.2500,0.0000,0.0000,0.1000,0.0000,0.2500,0.2500,0.0000,0.4957,0.8146,0.0000,0.7117,0.0000,0.0000,0.0000,0.5000,0.5000,0.0456,0.0000,0.0000,0.0000,0.5000,0.1000,0.6382,0.0000,0.8993,0.0000,0.1000,0.5000,0.3865,0.0000,0.0000,0.2500,0.8130,0.0000,0.6176,0.4119,0.5000,0.5386,0.0000,0.0000,0.0000,0.5000,0.2500,0.2500,0.0000,0.0000,0.0000,0.0575,0.0000,0.5828,0.0000,0.0000,0.3882,0.0000,0.0000,0.5000,0.0000,0.2000,0.5756,0.7442
35,0,0.0000,0.0816,0.0000,0.2500,0.2500,0.2500,0.1665,0.0000,0.0000,0.0000,0.0000,0.1598,0.1478,0.4725,0.2464,0.0000,0.0000,0.2500,0.5000,0.1000,0.0000,0.0000,0.0000,0.0000,0.1500,0.0000,0.0480,0.0000,0.0000,0.0670,0.0000,0.0000,0.2236,0.0000,0.0000,0.5301,0.0000,0.0000,0.0000,0.5000,0.5000,0.3028,0.1000,0.1000,0.2500,0.0000,0.6038,0.1000,0.0000,0.2500,0.2500,0.0000,0.0000,0.0000,0.1820,0.0000,0.0000,0.0000,0.0000,0.5000,0.5000,0.0000,0.0000,0.0000,0.0000,0.5000,0.1000,0.0000,0.0000,0.3977,0.0000,0.1000,0.5000,0.1000,0.0000,0.0000,0.2500,0.1000,0.0000,0.0000,0.5000,0.5000,0.2500,0.0000,0.0000,0.0000,0.5000,0.6258,0.2500,0.3946,0.0000,0.0000,0.1000,0.0000,0.0000,0.0000,0.5764,0.5728,0.0000,0.7522,0.5000,0.2826,0.2000,0.0000,0.2500
36,0,0.0000,0.8664,0.0000,0.2500,0.2500,0.2500,0.5397,0.7677,0.0000,0.9689,0.0000,0.5120,0.3871,0.0000,0.5171,0.0000,0.0000,0.2500,0.5000,0.1000,0.0000,0.0000,0.0000,0.5413,0.1500,0.0000,0.5009,0.9113,0.8808,0.0000,0.0000,0.0000,0.0000,0.0000,0.0000,0.8991,0.4546,0.0000,0.0000,0.5000,0.5000,0.1000,0.0343,0.1000,0.2500,0.0000,0.2879,0.1000,0.0000,0.2500,0.2500,0.0000,0.0000,0.0000,0.2497,0.4707,0.0000,0.0000,0.0000,0.6266,0.5000,0.0000,0.8556,0.1646,0.0000,0.5000,0.1000,0.0000,0.4784,0.0000,0.1639,0.1000,0.5000,0.1000,0.0000,0.5989,0.6968,0.1740,0.0000,0.0000,0.5000,0.5000,0.2500,0.8796,0.0000,0.8442,0.5000,0.2500,0.2500,0.0000,0.0000,0.0000,0.1000,0.0000,0.0000,0.0000,0.0000,0.8348,0.0000,0.7562,0.5000,0.0000,0.2000,0.0000,0.2500
37,0,0.0000,0.0000,0.0000,0.2500,0.2500,0.2500,0.9191,0.0000,0.0000,0.0000,0.0000,0.0000,0.0000,0.0000,0.0000,0.0000,0.7194,0.0992,0.5000,0.1000,0.0000,0.6895,0.0000,0.0000,0.1500,0.0000,0.2500,0.0000,0.0000,0.0000,0.0000,0.0000,0.0000,0.0000,0.0000,0.0000,0.0000,0.0000,0.0000,0.5000,0.5000,0.1000,0.1000,0.1000,0.2500,0.0000,0.0000,0.1000,0.0000,0.5900,0.2500,0.0000,0.0000,0.0000,0.0000,0.0381,0.0000,0.9170,0.0000,0.5000,0.5000,0.0000,0.0000,0.0000,0.0000,0.9811,0.1000,0.4172,0.0000,0.0000,0.0000,0.1000,0.5000,0.1000,0.0000,0.0000,0.5486,0.1000,0.0000,0.1096,0.5000,0.5000,0.4635,0.0000,0.0000,0.0000,0.5000,0.0017,0.2500,0.0000,0.0000,0.0000,0.1000,0.5299,0.0000,0.0000,0.0000,0.2000,0.0000,0.0000,0.5000,0.0000,0.2000,0.0000,0.2500
38,0,0.0000,0.0000,0.0000,0.2141,0.2500,0.2500,0.0000,0.2039,0.9713,0.9149,0.0000,0.0000,0.2087,0.0000,0.0000,0.0000,0.0000,0.2500,0.7934,0.1000,0.0000,0.0000,0.2902,0.0000,0.2239,0.0000,0.2702,0.0000,0.0000,0.0000,0.0000,0.3628,0.4181,0.3802,0.0000,0.5144,0.0000,0.3454,0.0000,0.5000,0.8488,0.5743,0.1000,0.1000,0.2500,0.0000,0.0000,0.7053,0.0000,0.2500,0.2500,0.0000,0.0000,0.0000,0.0000,0.3517,0.0000,0.0000,0.0000,0.5000,0.5000,0.0000,0.0000,0.9123,0.0000,0.5000,0.1000,0.0000,0.0000,0.0000,0.0000,0.1000,0.9905,0.1000,0.0000,0.0000,0.2500,0.1000,0.0000,0.0000,0.5000,0.5000,0.1166,0.0000,0.0000,0.0000,0.5000,0.2500,0.2500,0.0000,0.0000,0.0000,0.1000,0.0000,0.0000,0.0000,0.0000,0.2000,0.0000,0.0000,0.5000,0.0000,0.2000,0.3676,0.2500
39,0,0.0000,0.0000,0.6103,0.2500,0.2500,0.2500,0.0000,0.0000,0.9594,0.0000,0.1934,0.0000,0.0000,0.0000,0.0000,0.0000,0.0000,0.2500,0.5000,0.7666,0.0000,0.0000,0.0000,0.0000,0.1500,0.0000,0.2500,0.0000,0.6761,0.0000,0.7151,0.0000,0.0000,0.0000,0.0000,0.0000,0.0000,0.0000,0.0000,0.5000,0.5000,0.1000,0.1000,0.1000,0.2500,0.0000,0.0000,0.1000,0.3217,0.2500,0.2500,0.5868,0.0000,0.0000,0.7749,0.0000,0.0000,0.0000,0.0000,0.3251,0.5000,0.0000,0.0000,0.0000,0.0000,0.5000,0.1000,0.0000,0.0000,0.0000,0.9600,0.1000,0.7407,0.1000,0.0000,0.1004,0.2500,0.1000,0.0000,0.0000,0.5000,0.5000,0.2500,0.0000,0.0000,0.0000,0.5000,0.2500,0.2500,0.2821,0.0000,0.0000,0.1000,0.9628,0.0000,0.0000,0.0000,0.2000,0.2096,0.0000,0.5000,0.0000,0.2000,0.4719,0.2500
40,0,0.0000,0.7672,0.0000,0.2500,0.2500,0.7571,0.2147,0.2668,0.0000,0.0000,0.0000,0.0000,0.6195,0.0000,0.3355,0.0624,0.0000,0.2500,0.5000,0.7936,0.0000,0.0000,0.8719,0.0000,0.1500,0.5711,0.2500,0.0000,0.0000,0.0000,0.0000,0.0000,0.0000,0.0000,0.0000,0.0000,0.0000,0.0000,0.0000,0.5000,0.5000,0.1000,0.1000,0.1000,0.2500,0.0000,0.0000,0.1000,0.0000,0.2500,0.9412,0.0604,0.5475,0.3519,0.0000,0.0000,0.0000,0.0634,0.0000,0.5000,0.6731,0.0000,0.0000,0.0000,0.0000,0.5000,0.1000,0.4216,0.0000,0.0000,0.0000,0.1418,0.5366,0.1000,0.0000,0.0000,0.2500,0.9127,0.0000,0.0000,0.5000,0.5000,0.2500,0.0000,0.0000,0.0000,0.5000,0.2500,0.2255,0.0000,0.0000,0.0175,0.1000,0.0000,0.0000,0.0000,0.8744,0.2000,0.0000,0.2545,0.4869,0.0000,0.2000,0.0000,0.2798
41,0,0.0000,0.0000,0.0000,0.2500,0.2500,0.9527,0.0000,0.0000,0.0000,0.0000,0.7322,0.0000,0.0000,0.0000,0.8007,0.0000,0.0000,0.8168,0.5000,0.1000,0.0000,0.8369,0.0000,0.0000,0.3629,0.0000,0.2500,0.0000,0.0000,0.0000,0.0000,0.0000,0.0000,0.0000,0.0000,0.0000,0.0000,0.0000,0.0000,0.8555,0.8211,0.1000,0.1000,0.1000,0.2500,0.6004,0.0000,0.1000,0.4040,0.2500,0.5670,0.0000,0.9318,0.0000,0.0000,0.0510,0.0000,0.5250,0.0000,0.5000,0.5000,0.0000,0.0000,0.0000,0.6916,0.5000,0.1000,0.0000,0.0000,0.0000,0.0000,0.1000,0.5000,0.1000,0.0000,0.0416,0.2500,0.1000,0.0000,0.0489,0.5000,0.5000,0.2500,0.2446,0.0000,0.0000,0.5000,0.2500,0.5637,0.0000,0.0000,0.0000,0.1000,0.5854,0.0000,0.7557,0.0000,0.2000,0.8512,0.0000,0.5000,0.4774,0.2000,0.0000,0.2500
42,0,0.0000,0.0181,0.1860,0.2500,0.2500,0.2500,0.0000,0.0000,0.0000,0.2490,0.0000,0.0000,0.0000,0.0000,0.6042,0.0000,0.0000,0.2500,0.5000,0.3821,0.9480,0.0000,0.0000,0.0000,0.1500,0.0000,0.2500,0.2849,0.0000,0.0000,0.0000,0.1398,0.0000,0.0000,0.0000,0.0000,0.0000,0.0000,0.0000,0.5000,0.8624,0.4793,0.0530,0.1000,0.2231,0.0000,0.0000,0.1000,0.0000,0.2500,0.2500,0.0000,0.0000,0.0000,0.0000,0.0000,0.0000,0.0000,0.0000,0.5000,0.5000,0.8943,0.0000,0.0000,0.9544,0.5000,0.1000,0.0000,0.0000,0.0000,0.0000,0.6448,0.5000,0.1000,0.0000,0.0672,0.2500,0.4954,0.0000,0.0000,0.7245,0.5000,0.4986,0.0000,0.0000,0.0000,0.5000,0.7499,0.2500,0.1352,0.0000,0.0000,0.1000,0.0000,0.7672,0.0000,0.0000,0.2000,0.0000,0.4131,0.5000,0.0000,0.0382,0.0000,0.2500
43,0,0.4234,0.0000,0.8040,0.2500,0.2500,0.1340,0.4377,0.6489,0.0000,0.0000,0.0000,0.0000,0.1572,0.8418,0.0000,0.3404,0.0000,0.2500,0.5000,0.1000,0.2785,0.0000,0.0000,0.0000,0.1500,0.2731,0.2500,0.0000,0.0000,0.0000,0.0000,0.0000,0.0000,0.0000,0.0000,0.7629,0.0000,0.0000,0.0000,0.5000,0.5000,0.1000,0.1000,0.1000,0.7038,0.0000,0.0000,0.1000,0.5129,0.2500,0.2500,0.0000,0.0000,0.5194,0.0000,0.0000,0.6081,0.0000,0.0000,0.5000,0.5000,0.0000,0.0000,0.0000,0.0000,0.5000,0.1000,0.0000,0.2895,0.0000,0.0443,0.1000,0.5000,0.1000,0.0000,0.0000,0.2500,0.2435,0.3096,0.0000,0.5000,0.5000,0.2500,0.3382,0.0000,0.1619,0.5000,0.1487,0.2500,0.0000,0.0000,0.0000,0.1000,0.0000,0.0000,0.0000,0.0000,0.2000,0.0000,0.0000,0.5000,0.0000,0.2000,0.0000,0.2500
44,0,0.0000,0.0000,0.0000,0.2500,0.2500,0.2500,0.0000,0.0000,0.0000,0.0000,0.9364,0.0000,0.0000,0.0000,0.0000,0.0000,0.1520,0.2500,0.3062,0.1000,0.0000,0.0000,0.0000,0.5801,0.1500,0.0000,0.2500,0.0000,0.0000,0.0000,0.0000,0.0000,0.0091,0.0000,0.0000,0.0000,0.0000,0.4555,0.0000,0.4869,0.5000,0.9520,0.1433,0.3827,0.2500,0.0000,0.0000,0.1000,0.0000,0.2500,0.2500,0.0000,0.0000,0.0000,0.0000,0.6154,0.0000,0.0000,0.0000,0.5000,0.5000,0.0000,0.0000,0.0000,0.0000,0.5000,0.1000,0.0000,0.0000,0.5360,0.0000,0.1000,0.5000,0.1000,0.0000,0.0000,0.2500,0.1000,0.0000,0.2554,0.8666,0.5000,0.2934,0.0000,0.0000,0.9481,0.5000,0.2500,0.2500,0.0000,0.0000,0.0000,0.1000,0.0000,0.0000,0.0000,0.0000,0.2000,0.0000,0.0000,0.5000,0.5485,0.2000,0.0000,0.6606
45,0,0.4775,0.0000,0.0000,0.2500,0.2500,0.2500,0.0000,0.1140,0.0000,0.0000,0.0735,0.0000,0.2138,0.0000,0.0000,0.0000,0.0000,0.2500,0.5000,0.1000,0.0000,0.0000,0.0000,0.0000,0.1500,0.0000,0.2500,0.0000,0.6102,0.0000,0.0000,0.0000,0.0000,0.2791,0.0000,0.0000,0.0000,0.0000,0.0000,0.5000,0.5000,0.1000,0.1000,0.1000,0.2500,0.0000,0.4814,0.5954,0.6716,0.2500,0.2500,0.0000,0.0000,0.0000,0.0000,0.0000,0.0000,0.0000,0.0000,0.5000,0.5000,0.0000,0.0000,0.0000,0.0000,0.5000,0.1000,0.8713,0.0000,0.0000,0.0000,0.9266,0.5000,0.1000,0.0000,0.0000,0.2500,0.1000,0.0000,0.0000,0.8952,0.5000,0.2500,0.4112,0.9612,0.0000,0.5000,0.2500,0.2500,0.0000,0.0000,0.0000,0.1000,0.7773,0.0000,0.6099,0.0000,0.2000,0.0699,0.7771,0.5000,0.0000,0.2000,0.0000,0.2500
46,0,0.0000,0.5635,0.0000,0.2500,0.2500,0.5708,0.0000,0.0000,0.0000,0.0000,0.0000,0.0000,0.0000,0.7280,0.0000,0.0000,0.0000,0.2319,0.5000,0.1000,0.0899,0.0000,0.0000,0.0000,0.1500,0.0000,0.2500,0.0000,0.0000,0.4339,0.0482,0.0000,0.0000,0.0000,0.0000,0.0000,0.0000,0.0000,0.0000,0.8503,0.2120,0.1000,0.1000,0.8258,0.2500,0.0000,0.0000,0.3535,0.0000,0.2500,0.2500,0.0000,0.2155,0.0000,0.0000,0.0000,0.5225,0.0000,0.2108,0.5000,0.5000,0.0000,0.4957,0.6028,0.0000,0.1600,0.1000,0.0000,0.0000,0.0000,0.7024,0.7972,0.5000,0.1000,0.0000,0.0000,0.2500,0.9323,0.0000,0.6361,0.5000,0.5000,0.2500,0.0000,0.5963,0.0000,0.5000,0.2500,0.2500,0.0000,0.0000,0.0000,0.1000,0.0000,0.0000,0.0000,0.0000,0.6549,0.0000,0.0000,0.5000,0.0000,0.2000,0.0000,0.2500
47,0,0.8177,0.0000,0.0000,0.2500,0.2500,0.2500,0.0000,0.0000,0.7299,0.0000,0.5825,0.0000,0.0000,0.3636,0.2003,0.0000,0.0000,0.3210,0.5000,0.1000,0.0000,0.0000,0.0000,0.0000,0.1500,0.0000,0.2500,0.0000,0.0000,0.7271,0.3612,0.0000,0.0000,0.0000,0.0000,0.0000,0.0000,0.0000,0.0000,0.0189,0.5000,0.1000,0.8595,0.1000,0.2500,0.0000,0.0000,0.1000,0.0000,0.8668,0.0543,0.0000,0.2180,0.0000,0.0000,0.6400,0.0000,0.0000,0.0000,0.5000,0.5000,0.0000,0.0000,0.3121,0.2999,0.5000,0.0593,0.0000,0.0000,0.0000,0.2404,0.1000,0.5000,0.3358,0.0000,0.0000,0.2500,0.1000,0.1214,0.0000,0.5000,0.5000,0.2500,0.0000,0.0000,0.0000,0.8899,0.2500,0.2500,0.0000,0.0000,0.0000,0.1000,0.6831,0.0000,0.0000,0.0000,0.2000,0.4779,0.0000,0.5000,0.4947,0.2000,0.0000,0.2500
48,0,0.0000,0.0000,0.0000,0.2500,0.8223,0.2500,0.0000,0.0000,0.0000,0.8055,0.0000,0.0000,0.0000,0.0000,0.0000,0.0000,0.0000,0.2500,0.5000,0.1000,0.4723,0.9090,0.0000,0.0000,0.1500,0.3718,0.2500,0.0000,0.0000,0.8979,0.0000,0.0000,0.0000,0.2899,0.0625,0.0000,0.3112,0.0000,0.0000,0.5012,0.5000,0.4184,0.1000,0.1000,0.9317,0.6342,0.3209,0.1000,0.0000,0.2500,0.2500,0.6381,0.0000,0.0000,0.0000,0.9884,0.1262,0.0000,0.0000,0.2984,0.5000,0.0000,0.0000,0.0000,0.0000,0.5000,0.1000,0.0000,0.0000,0.0000,0.0000,0.1000,0.5000,0.6896,0.0000,0.0000,0.2500,0.5250,0.9164,0.0000,0.5000,0.8853,0.2500,0.7939,0.0000,0.0000,0.5000,0.2500,0.2500,0.0000,0.0000,0.5869,0.1000,0.0000,0.0000,0.1804,0.8814,0.2000,0.0000,0.0000,0.5000,0.0000,0.2000,0.0000,0.2500
49,0,0.0000,0.0000,0.0000,0.2500,0.2500,0.2500,0.0000,0.0000,0.5325,0.0000,0.0000,0.0000,0.0000,0.0000,0.5553,0.0000,0.0000,0.0510,0.5000,0.1000,0.0000,0.0000,0.3796,0.0000,0.1500,0.0000,0.2500,0.2884,0.5323,0.5416,0.0000,0.0000,0.0000,0.0000,0.0000,0.0000,0.0000,0.0000,0.0000,0.5000,0.5000,0.4349,0.4388,0.1000,0.2500,0.0000,0.0000,0.1000,0.0000,0.2500,0.2500,0.0000,0.0000,0.0000,0.0000,0.0000,0.0000,0.0000,0.0000,0.5000,0.5000,0.7090,0.0000,0.0000,0.0000,0.5000,0.2151,0.0000,0.0000,0.0000,0.6304,0.1000,0.5000,0.1000,0.0000,0.1462,0.4158,0.1000,0.5658,0.0000,0.5000,0.5000,0.5273,0.0000,0.0000,0.0000,0.5000,0.2500,0.2500,0.0000,0.0000,0.0000,0.1000,0.0000,0.0000,0.0000,0.0000,0.2000,0.0000,0.9173,0.5000,0.1313,0.2000,0.0000,0.2500
50,0,0.0000,0.0868,0.0000,0.2500,0.2500,0.2500,0.0000,0.0000,0.0000,0.0000,0.0000,0.0000,0.6257,0.0000,0.4239,0.0000,0.0000,0.2500,0.5000,0.2032,0.0000,0.0000,0.0000,0.2530,0.1500,0.0000,0.2500,0.0000,0.0000,0.0000,0.0000,0.0000,0.0000,0.0000,0.0000,0.0000,0.0000,0.6396,0.0000,0.5000,0.5000,0.1000,0.9043,0.1000,0.2500,0.2154,0.0000,0.1000,0.0431,0.3315,0.2500,0.0000,0.0000,0.0000,0.3748,0.0000,0.9454,0.0000,0.0000,0.5000,0.5000,0.0000,0.0000,0.0000,0.0000,0.5000,0.1000,0.6711,0.0000,0.0000,0.0000,0.1000,0.5000,0.1000,0.0000,0.8021,0.2500,0.1000,0.0000,0.0000,0.5000,0.5000,0.2500,0.0000,0.0000,0.0000,0.5000,0.2500,0.2500,0.1250,0.0000,0.0000,0.1000,0.0000,0.0000,0.0000,0.0000,0.2000,0.0000,0.0000,0.5000,0.0000,0.2000,0.0000,0.2500
51,0,0.0000,0.0000,0.0000,0.2500,0.2500,0.2500,0.0000,0.0000,0.8347,0.0000,0.7066,0.0000,0.0000,0.0000,0.0000,0.0000,0.0000,0.2500,0.5000,0.1000,0.0000,0.0000,0.0000,0.1039,0.1500,0.0000,0.3661,0.0000,0.0000,0.0000,0.0000,0.0000,0.0000,0.0000,0.0000,0.0000,0.0000,0.0000,0.0000,0.5000,0.7825,0.1000,0.1000,0.1000,0.2500,0.0000,0.0000,0.1000,0.0000,0.2500,0.2500,0.0000,0.0000,0.0000,0.0000,0.0000,0.1412,0.5373,0.0000,0.5000,0.5000,0.0000,0.0000,0.0000,0.0000,0.5000,0.1000,0.1252,0.0000,0.0000,0.1925,0.1000,0.5000,0.1199,0.0000,0.0000,0.1896,0.1000,0.0000,0.3828,0.5000,0.5000,0.2500,0.3575,0.0000,0.0000,0.5000,0.2500,0.6604,0.0000,0.5552,0.4431,0.1000,0.0000,0.0000,0.0000,0.0000,0.2000,0.0000,0.0000,0.5000,0.0000,0.2000,0.6242,0.2500
52,0,0.3126,0.0000,0.0000,0.2500,0.2500,0.2500,0.0000,0.0000,0.0000,0.0000,0.0000,0.0000,0.1944,0.0000,0.0000,0.0000,0.0000,0.2500,0.5000,0.1000,0.0000,0.0000,0.0517,0.0000,0.1500,0.0000,0.2500,0.0000,0.0000,0.9901,0.0000,0.8338,0.0000,0.0000,0.0000,0.3924,0.0000,0.3782,0.0000,0.5000,0.5000,0.1000,0.1000,0.1000,0.2500,0.0000,0.0000,0.7814,0.0000,0.4017,0.2500,0.0000,0.0000,0.0000,0.0000,0.0000,0.0000,0.0000,0.0000,0.5000,0.3683,0.0000,0.2350,0.0000,0.0000,0.5000,0.3488,0.0000,0.2324,0.0000,0.0000,0.1000,0.5000,0.6478,0.0000,0.7344,0.2500,0.0356,0.0000,0.0000,0.5000,0.5000,0.2500,0.9211,0.2147,0.0000,0.5000,0.2500,0.2500,0.0000,0.0433,0.0000,0.1000,0.0000,0.0000,0.0000,0.0000,0.2000,0.5567,0.1824,0.5000,0.0000,0.2000,0.0000,0.8665
53,0,0.9247,0.0000,0.0000,0.7076,0.2500,0.2500,0.9712,0.0000,0.0000,0.0000,0.0000,0.2332,0.7803,0.0000,0.0000,0.0000,0.0000,0.2500,0.5000,0.1000,0.0000,0.0000,0.0000,0.0953,0.9106,0.0000,0.2500,0.4572,0.0000,0.9928,0.5732,0.0000,0.0000,0.0000,0.0000,0.0000,0.0000,0.0000,0.3718,0.5000,0.5000,0.1000,0.1000,0.1000,0.2500,0.0000,0.0000,0.4713,0.5952,0.2500,0.2500,0.0000,0.0000,0.0000,0.0000,0.0000,0.0000,0.0000,0.0000,0.7489,0.1852,0.0000,0.0000,0.0000,0.0000,0.2949,0.1000,0.0000,0.0000,0.0000,0.0000,0.3571,0.5000,0.1000,0.0000,0.0000,0.2735,0.1000,0.7639,0.0000,0.5000,0.5000,0.2500,0.0000,0.0000,0.0000,0.5000,0.2500,0.2500,0.0000,0.3651,0.2914,0.1000,0.0000,0.0000,0.0000,0.0000,0.2000,0.0000,0.0000,0.5000,0.0000,0.4717,0.0000,0.2500
54,0,0.6844,0.0000,0.0000,0.2500,0.2500,0.3776,0.3428,0.0000,0.0000,0.0000,0.6321,0.0000,0.0000,0.0000,0.0000,0.0000,0.0000,0.8014,0.7852,0.1000,0.0000,0.0000,0.8134,0.0000,0.2372,0.0892,0.9102,0.0000,0.0000,0.0000,0.0000,0.0000,0.0000,0.3426,0.0000,0.0000,0.4478,0.0000,0.0000,0.5000,0.9954,0.1000,0.2073,0.1000,0.2500,0.2265,0.0000,0.1000,0.7243,0.2500,0.2500,0.0000,0.0000,0.0000,0.0000,0.0000,0.0000,0.0000,0.0000,0.5000,0.5000,0.0000,0.0000,0.0000,0.0000,0.5000,0.6137,0.0000,0.0000,0.0000,0.0000,0.1000,0.5000,0.1000,0.8154,0.8896,0.2500,0.6571,0.0060,0.0000,0.5000,0.5000,0.2500,0.0000,0.0000,0.0000,0.5000,0.2500,0.0981,0.0000,0.0000,0.0000,0.1000,0.0000,0.0000,0.0000,0.0000,0.2000,0.8122,0.0000,0.5795,0.0000,0.2000,0.3130,0.2763
55,0,0.0000,0.0000,0.0000,0.2500,0.4599,0.2500,0.0000,0.0000,0.0000,0.0000,0.0000,0.0000,0.0000,0.0000,0.0000,0.3159,0.0000,0.2500,0.5000,0.1000,0.0000,0.3664,0.0000,0.0000,0.1500,0.0000,0.2500,0.0000,0.0000,0.0000,0.0000,0.0000,0.0000,0.8482,0.0000,0.0000,0.0000,0.0000,0.0000,0.5000,0.5000,0.1000,0.1000,0.1000,0.5672,0.0000,0.0000,0.1000,0.0000,0.2500,0.2500,0.4241,0.3348,0.0000,0.0000,0.0000,0.4140,0.0000,0.0000,0.3211,0.6646,0.2341,0.0000,0.7648,0.0000,0.6531,0.1000,0.4930,0.9083,0.0000,0.0000,0.1000,0.5000,0.1000,0.3944,0.0000,0.2500,0.1000,0.0000,0.0000,0.0597,0.5000,0.2500,0.0000,0.0000,0.5842,0.8400,0.2500,0.8304,0.0000,0.0000,0.0000,0.3201,0.0000,0.0000,0.9749,0.0000,0.2000,0.0000,0.0000,0.5000,0.1090,0.2894,0.0000,0.2500
56,0,0.0000,0.0000,0.0000,0.2500,0.2500,0.2500,0.7223,0.4181,0.0000,0.0000,0.0000,0.0000,0.8403,0.0000,0.4079,0.0000,0.5307,0.2500,0.5000,0.1000,0.0000,0.0000,0.4538,0.0000,0.1500,0.0000,0.2500,0.0000,0.0000,0.9089,0.0000,0.0000,0.2540,0.0000,0.0000,0.0288,0.0000,0.0000,0.0000,0.5000,0.5097,0.9608,0.1000,0.1000,0.2500,0.9160,0.0427,0.1000,0.0000,0.2500,0.2500,0.0000,0.0000,0.0000,0.0000,0.0000,0.7156,0.0000,0.0000,0.5000,0.8739,0.0000,0.0000,0.0000,0.7346,0.5000,0.8671,0.0000,0.0000,0.0000,0.2402,0.5652,0.5409,0.1000,0.0000,0.0000,0.2500,0.1000,0.0000,0.0000,0.4712,0.5000,0.2500,0.0000,0.0000,0.7642,0.5000,0.2500,0.4234,0.0000,0.0000,0.0000,0.6550,0.0000,0.0000,0.0000,0.9879,0.2000,0.0000,0.0000,0.6570,0.0000,0.2000,0.0000,0.2500
57,0,0.0000,0.0000,0.0000,0.2500,0.2500,0.2500,0.0000,0.0000,0.0000,0.0000,0.0000,0.0000,0.0000,0.6271,0.4311,0.0000,0.0000,0.2500,0.5000,0.1000,0.0000,0.0000,0.0000,0.6212,0.1500,0.0000,0.0829,0.1350,0.0000,0.0000,0.0000,0.0000,0.7867,0.0000,0.0000,0.0000,0.4612,0.1258,0.0000,0.0503,0.5000,0.1000,0.1816,0.6926,0.2500,0.0000,0.0000,0.2684,0.0000,0.2500,0.2500,0.0000,0.0000,0.0000,0.0000,0.0000,0.0000,0.0000,0.0000,0.5000,0.5000,0.2887,0.0000,0.0000,0.0000,0.5000,0.1000,0.0000,0.0000,0.0000,0.0000,0.1000,0.5000,0.1000,0.6833,0.0000,0.2500,0.2506,0.3012,0.0000,0.5000,0.8848,0.2500,0.0000,0.0000,0.0000,0.5000,0.2500,0.3675,0.9790,0.0000,0.0000,0.1000,0.0000,0.0000,0.0000,0.0000,0.2000,0.5058,0.7873,0.4196,0.0000,0.5381,0.0000,0.2500
58,0,0.0000,0.0000,0.3947,0.2500,0.2500,0.2500,0.0000,0.1761,0.0000,0.9442,0.0000,0.0000,0.0000,0.0000,0.0000,0.0000,0.0000,0.3705,0.5000,0.9789,0.0000,0.0000,0.0000,0.0000,0.1500,0.0000,0.7972,0.0000,0.0000,0.0000,0.0000,0.0000,0.0000,0.5364,0.0000,0.0000,0.0000,0.0000,0.3444,0.5000,0.5000,0.1000,0.1000,0.1000,0.2500,0.0000,0.9763,0.5890,0.0494,0.2500,0.2500,0.6934,0.0000,0.0000,0.0000,0.0000,0.0000,0.0000,0.0000,0.5000,0.5456,0.0000,0.0000,0.0000,0.0000,0.5000,0.1000,0.0000,0.0000,0.0000,0.0000,0.1000,0.5000,0.1000,0.0000,0.0000,0.2500,0.1000,0.0000,0.0000,0.9661,0.5000,0.2500,0.0000,0.0000,0.0000,0.5000,0.5810,0.2500,0.0000,0.0000,0.0000,0.1000,0.0000,0.0000,0.0000,0.0000,0.1189,0.2962,0.0000,0.5000,0.0000,0.2000,0.0000,0.2500
59,0,0.0559,0.0000,0.1331,0.9262,0.2500,0.2500,0.0000,0.0000,0.0000,0.0000,0.6924,0.0000,0.0000,0.0000,0.0000,0.0000,0.0000,0.2500,0.5000,0.1000,0.0000,0.0000,0.9745,0.0000,0.1500,0.0000,0.2500,0.0000,0.0000,0.0000,0.0000,0.2074,0.0000,0.5547,0.0000,0.8635,0.0000,0.0000,0.0000,0.5000,0.5000,0.1000,0.1000,0.1000,0.2500,0.0000,0.0000,0.1000,0.0000,0.2500,0.2500,0.0000,0.0000,0.0056,0.0000,0.0000,0.6601,0.9634,0.0000,0.5000,0.5000,0.0000,0.0000,0.0000,0.0000,0.5000,0.1000,0.0000,0.0000,0.9969,0.0000,0.1000,0.5000,0.1000,0.0000,0.0000,0.2500,0.1000,0.0000,0.0000,0.5309,0.5000,0.2500,0.0000,0.3078,0.0000,0.5000,0.2500,0.2500,0.0000,0.0000,0.7662,0.1000,0.0000,0.0000,0.0000,0.0000,0.2000,0.0000,0.0000,0.5000,0.7477,0.2156,0.0000,0.2500
60,0,0.0000,0.0000,0.0000,0.2250,0.2500,0.2500,0.0000,0.0000,0.0000,0.8162,0.4380,0.8599,0.0000,0.0000,0.0000,0.0065,0.0000,0.2500,0.4494,0.1000,0.0000,0.0000,0.0000,0.6829,0.1500,0.0000,0.2500,0.0000,0.0000,0.0000,0.0000,0.0000,0.0000,0.3625,0.0000,0.0479,0.6008,0.0000,0.6479,0.7433,0.5000,0.8030,0.1000,0.6978,0.2500,0.0000,0.0000,0.1000,0.0000,0.2500,0.7485,0.0000,0.6161,0.0000,0.7597,0.4041,0.6813,0.0000,0.0000,0.4465,0.5000,0.0000,0.0000,0.0000,0.3332,0.5000,0.1000,0.3703,0.0000,0.0000,0.0000,0.1000,0.5000,0.1000,0.0000,0.0000,0.2500,0.2382,0.0000,0.0000,0.5000,0.5000,0.2500,0.3214,0.0000,0.0000,0.5000,0.2500,0.2500,0.6490,0.0000,0.0000,0.1000,0.0000,0.0000,0.0000,0.0000,0.0452,0.0000,0.3404,0.5000,0.0000,0.2000,0.2920,0.2500
61,0,0.0000,0.0000,0.0000,0.2500,0.2500,0.7672,0.0000,0.7006,0.0000,0.2281,0.7104,0.0000,0.0000,0.0000,0.1675,0.0000,0.7453,0.2500,0.4735,0.9428,0.0000,0.0000,0.0000,0.0000,0.1500,0.0000,0.2500,0.0000,0.0000,0.0000,0.0000,0.0000,0.0000,0.0000,0.0000,0.5040,0.0000,0.0000,0.0000,0.5000,0.1528,0.1000,0.1000,0.1000,0.9841,0.0000,0.0000,0.0226,0.0000,0.2500,0.2500,0.0000,0.0000,0.0000,0.0000,0.0000,0.0781,0.0000,0.0000,0.7895,0.2396,0.0000,0.0000,0.0000,0.0000,0.5000,0.1000,0.0000,0.0000,0.0000,0.0000,0.1000,0.3107,0.1000,0.0000,0.0000,0.2500,0.1000,0.1270,0.0000,0.5000,0.2052,0.2500,0.0000,0.0000,0.0000,0.5000,0.2500,0.2500,0.0000,0.0000,0.6625,0.1000,0.0000,0.0000,0.0000,0.0000,0.2000,0.0714,0.0000,0.5000,0.0000,0.2000,0.0000,0.2500
62,0,0.0000,0.0000,0.0000,0.2500,0.2500,0.2500,0.9643,0.0000,0.0000,0.0000,0.7234,0.0000,0.0000,0.0000,0.0000,0.1305,0.0000,0.2500,0.5000,0.1000,0.0000,0.0000,0.6541,0.0000,0.4838,0.0000,0.9938,0.0000,0.8668,0.0000,0.0000,0.4603,0.0000,0.0000,0.0000,0.0000,0.2781,0.0000,0.0000,0.5000,0.5000,0.1000,0.1000,0.0529,0.2500,0.0000,0.2381,0.1000,0.0000,0.2500,0.2500,0.0000,0.0000,0.0000,0.0000,0.0000,0.0000,0.0000,0.2080,0.0553,0.9909,0.0000,0.0000,0.0000,0.3265,0.5000,0.1000,0.0366,0.6143,0.7139,0.0000,0.1000,0.7273,0.1000,0.0000,0.0000,0.8795,0.2297,0.0000,0.0000,0.5000,0.5000,0.2500,0.0000,0.0000,0.1306,0.5000,0.2500,0.2500,0.0000,0.5255,0.0000,0.4564,0.3066,0.0000,0.7919,0.5279,0.7037,0.0000,0.0000,0.5000,0.0000,0.2000,0.6095,0.2500
63,0,0.0000,0.0000,0.0000,0.2500,0.4064,0.2500,0.3549,0.0000,0.0000,0.4865,0.0000,0.0000,0.0000,0.0000,0.0000,0.0000,0.5344,0.2500,0.5000,0.0684,0.0000,0.0000,0.0000,0.0000,0.1500,0.0000,0.9485,0.0000,0.0000,0.0000,0.8379,0.0000,0.0329,0.0000,0.0000,0.0000,0.0000,0.0000,0.0000,0.5000,0.5000,0.1000,0.1000,0.1000,0.2500,0.0000,0.0000,0.1000,0.0000,0.2500,0.2500,0.0000,0.0000,0.0000,0.0000,0.0000,0.0000,0.9410,0.0000,0.5000,0.8618,0.6819,0.0136,0.5332,0.0000,0.5000,0.1000,0.2388,0.0000,0.0000,0.2678,0.1000,0.0355,0.1000,0.0000,0.0000,0.2500,0.1000,0.0000,0.0000,0.5000,0.5000,0.2500,0.0000,0.0000,0.9916,0.5000,0.2500,0.8385,0.0000,0.0000,0.0000,0.1000,0.0000,0.0000,0.6048,0.0745,0.2757,0.0000,0.0000,0.5000,0.0000,0.5604,0.0000,0.2500
64,0,0.0000,0.0000,0.0000,0.2500,0.2500,0.2500,0.0000,0.0000,0.0000,0.2489,0.0000,0.0000,0.0000,0.0000,0.4955,0.8385,0.5181,0.7827,0.6242,0.1000,0.0000,0.0000,0.0000,0.0000,0.1500,0.8705,0.2500,0.0000,0.0075,0.0000,0.0000,0.0000,0.0000,0.0000,0.1407,0.1485,0.0000,0.0000,0.4230,0.2704,0.5000,0.1000,0.1000,0.1000,0.2500,0.0000,0.0000,0.1000,0.0000,0.2500,0.2500,0.6484,0.0000,0.0000,0.0000,0.1630,0.7820,0.0000,0.0000,0.5000,0.5000,0.0000,0.0000,0.0000,0.0000,0.5000,0.1000,0.3441,0.1165,0.0000,0.0000,0.1000,0.5000,0.4473,0.0000,0.0000,0.7637,0.1000,0.3725,0.0000,0.5000,0.5000,0.2500,0.0000,0.0000,0.2803,0.5000,0.9734,0.2500,0.0000,0.0987,0.0000,0.1000,0.0000,0.0000,0.0000,0.0000,0.2000,0.0000,0.0000,0.5000,0.0000,0.2000,0.0000,0.2500
65,0,0.7778,0.0000,0.0000,0.2500,0.2500,0.2500,0.4935,0.0000,0.0000,0.0000,0.3325,0.0000,0.0000,0.0000,0.0000,0.0000,0.0000,0.2500,0.5000,0.1000,0.8225,0.0000,0.0000,0.0000,0.1500,0.0000,0.2500,0.0000,0.9638,0.0000,0.0000,0.3144,0.7986,0.0000,0.0000,0.0000,0.0000,0.0000,0.0000,0.5000,0.2057,0.1000,0.1000,0.1000,0.2500,0.2370,0.0000,0.1000,0.0000,0.2500,0.2500,0.3699,0.0000,0.3028,0.0000,0.0000,0.0000,0.0000,0.4075,0.5347,0.5000,0.0000,0.0000,0.0000,0.4732,0.5000,0.1000,0.0000,0.0611,0.0000,0.0000,0.6001,0.5000,0.1000,0.0000,0.0000,0.2500,0.0476,0.0000,0.0000,0.5000,0.5000,0.2500,0.0000,0.0000,0.0000,0.1922,0.2500,0.2500,0.0000,0.0000,0.0000,0.1000,0.0000,0.0000,0.0000,0.0000,0.2000,0.2043,0.0000,0.5000,0.6719,0.2000,0.0000,0.2500
66,0,0.0000,0.0000,0.0000,0.1298,0.2500,0.0772,0.0000,0.0000,0.0000,0.0000,0.0301,0.0000,0.0000,0.0000,0.0000,0.0000,0.0000,0.2500,0.5000,0.1000,0.0000,0.9657,0.0000,0.0000,0.1500,0.8643,0.2500,0.0000,0.3372,0.9506,0.0000,0.0000,0.0000,0.0000,0.6486,0.0000,0.0000,0.0000,0.0000,0.5000,0.5459,0.1000,0.1000,0.1000,0.0282,0.0000,0.0000,0.1000,0.0000,0.0267,0.2500,0.0000,0.0000,0.0000,0.0000,0.2929,0.4894,0.0000,0.9884,0.0689,0.5000,0.0000,0.2190,0.0000,0.0000,0.5000,0.1000,0.0000,0.0000,0.5716,0.0000,0.5010,0.5000,0.1000,0.0000,0.8644,0.5991,0.1000,0.0000,0.0000,0.5000,0.5000,0.2500,0.8314,0.0000,0.0000,0.6607,0.8208,0.2500,0.0000,0.0000,0.0000,0.1000,0.0000,0.3539,0.0000,0.0000,0.2000,0.7094,0.0000,0.5000,0.0000,0.3507,0.2002,0.2500
67,0,0.0000,0.0000,0.0000,0.2500,0.3263,0.1196,0.0000,0.0000,0.0000,0.0000,0.0000,0.0000,0.0000,0.9214,0.0000,0.0000,0.0000,0.2500,0.5000,0.1000,0.0000,0.0000,0.9878,0.0000,0.1500,0.9644,0.3468,0.0000,0.0000,0.0000,0.0000,0.7655,0.0000,0.0000,0.0000,0.0000,0.0000,0.0000,0.0000,0.0920,0.6433,0.1000,0.5967,0.7924,0.4326,0.0000,0.0000,0.1000,0.0000,0.2500,0.2500,0.0000,0.0000,0.0000,0.0000,0.0000,0.0000,0.0000,0.0000,0.5000,0.5000,0.0000,0.0000,0.0000,0.0000,0.5000,0.1000,0.0000,0.1285,0.0000,0.0296,0.1000,0.5000,0.1000,0.0000,0.0000,0.2500,0.1000,0.0000,0.5847,0.5000,0.7595,0.6632,0.0000,0.0000,0.0000,0.5000,0.2500,0.2500,0.0000,0.0000,0.8782,0.1000,0.0000,0.1125,0.0000,0.0000,0.2000,0.0000,0.8367,0.5000,0.0000,0.2000,0.0000,0.7847
68,0,0.0000,0.0000,0.0000,0.2500,0.2500,0.2500,0.0000,0.0000,0.0000,0.0000,0.0000,0.0000,0.0000,0.0000,0.8186,0.0000,0.0000,0.2500,0.5000,0.1000,0.0000,0.0000,0.5289,0.0000,0.9077,0.0000,0.0271,0.4206,0.8965,0.0000,0.0000,0.0000,0.0000,0.2559,0.0000,0.7933,0.0000,0.0000,0.0000,0.5000,0.1131,0.1000,0.1000,0.1000,0.2500,0.0000,0.0000,0.4320,0.1268,0.2500,0.9792,0.0000,0.7116,0.0000,0.0000,0.0000,0.0000,0.6643,0.0000,0.5000,0.5000,0.0000,0.0000,0.0000,0.0000,0.5000,0.2540,0.0000,0.0000,0.0000,0.0000,0.1000,0.5000,0.1000,0.9615,0.0000,0.2500,0.6191,0.0000,0.6582,0.5000,0.5000,0.2500,0.0000,0.0000,0.0000,0.5000,0.2500,0.9628,0.0000,0.8133,0.9289,0.1000,0.0000,0.0000,0.0000,0.6203,0.2000,0.0000,0.5040,0.5000,0.0000,0.2000,0.0000,0.2500
69,0,0.0000,0.1636,0.0000,0.2500,0.3966,0.2500,0.0000,0.0000,0.0000,0.0000,0.0000,0.0000,0.6467,0.0000,0.0000,0.0000,0.7941,0.2500,0.5000,0.1000,0.0000,0.0305,0.6043,0.0000,0.1500,0.0000,0.4201,0.6407,0.0000,0.1731,0.0000,0.0000,0.0000,0.0000,0.0000,0.0000,0.0000,0.0000,0.0000,0.1240,0.5000,0.1000,0.1000,0.1000,0.2500,0.0577,0.5617,0.7034,0.0000,0.2500,0.2500,0.0000,0.0000,0.0000,0.0000,0.0000,0.8404,0.3880,0.0000,0.5000,0.3269,0.2934,0.1198,0.0000,0.7868,0.5000,0.1000,0.0000,0.0000,0.0000,0.0000,0.1000,0.2909,0.1000,0.0000,0.0000,0.2500,0.1000,0.0000,0.0000,0.5000,0.5000,0.2747,0.3035,0.0000,0.0000,0.5000,0.2500,0.2604,0.0000,0.0000,0.0000,0.1000,0.0000,0.0000,0.0000,0.0000,0.2000,0.0000,0.2209,0.5000,0.0000,0.2000,0.0000,0.2500
70,0,0.0000,0.0000,0.0000,0.0000,0.0000,0.0000,0.0000,0.0000,0.0000,0.0000,0.0000,0.0000,0.0000,0.0000,0.0000,0.0000,0.0000,0.2500,0.5000,0.0000,0.0000,0.0000,0.0000,0.0000,0.0000,0.0000,0.0000,0.0000,0.0000,0.0000,0.0000,0.0000,0.0000,0.0000,0.0000,0.0000,0.0000,0.0000,0.0000,0.5000,0.5000,0.0000,0.0000,0.0000,0.0000,0.0000,0.0000,0.0000,0.0000,0.0000,0.0000,0.0000,0.0000,0.0000,0.0000,0.0000,0.0000,0.0000,0.0000,0.5000,0.7663,0.0000,0.0000,0.0000,0.0000,0.5168,0.0000,0.0000,0.0000,0.0000,0.0000,0.0000,0.5000,0.0000,0.0000,0.0000,0.0000,0.0000,0.0000,0.0000,0.5000,0.5000,0.0000,0.0000,0.0000,0.0000,0.5000,0.0000,0.0000,0.0000,0.0000,0.0000,0.0000,0.0000,0.0000,0.0000,0.0000,0.0000,0.0000,0.0000,0.2866,0.0000,0.0000,0.0000,0.0000
71,0,0.0000,0.0000,0.0000,0.0000,0.0000,0.0000,0.0000,0.0000,0.0000,0.0000,0.0000,0.0000,0.0000,0.0000,0.0000,0.0000,0.0000,0.2500,0.5000,0.0000,0.0000,0.0000,0.0000,0.0000,0.0000,0.0000,0.0000,0.0000,0.0000,0.0000,0.0000,0.0000,0.0000,0.0000,0.0000,0.0000,0.0000,0.0000,0.0000,0.5000,0.5000,0.0000,0.0000,0.0000,0.0000,0.0000,0.0000,0.0000,0.0000,0.0000,0.0000,0.0000,0.0000,0.0000,0.0000,0.0000,0.0000,0.0000,0.0000,0.7764,0.5000,0.0000,0.0000,0.0000,0.0000,0.1921,0.0000,0.0000,0.0000,0.0000,0.0000,0.0000,0.5000,0.0000,0.0000,0.0000,0.0000,0.0000,0.0000,0.0000,0.5000,0.0860,0.0000,0.0000,0.0000,0.0000,0.5000,0.0000,0.0000,0.0000,0.0000,0.0000,0.0000,0.0000,0.0000,0.0000,0.0000,0.0000,0.0000,0.0000,0.5000,0.0000,0.0000,0.0000,0.0000
72,0,0.0000,0.0000,0.0000,0.2500,0.2500,0.2500,0.0000,0.0000,0.1903,0.0000,0.0000,0.0000,0.0000,0.9088,0.0000,0.0000,0.0000,0.2500,0.5000,0.1000,0.0000,0.0000,0.0000,0.0000,0.1500,0.0000,0.2500,0.0000,0.0000,0.0000,0.0000,0.0000,0.0000,0.0000,0.0000,0.0000,0.0000,0.0000,0.0000,0.5000,0.5000,0.7523,0.1000,0.1000,0.2500,0.0000,0.0000,0.1000,0.0000,0.2500,0.2500,0.0000,0.0000,0.0000,0.0000,0.0000,0.0000,0.0000,0.0000,0.5000,0.5000,0.0000,0.0000,0.0000,0.0000,0.5000,0.1000,0.0000,0.0000,0.0000,0.0000,0.1000,0.4094,0.1000,0.0288,0.0000,0.2500,0.1000,0.0000,0.0000,0.5000,0.9744,0.2500,0.3589,0.0000,0.0000,0.5000,0.2500,0.2500,0.0000,0.8150,0.6595,0.0802,0.0000,0.0000,0.0000,0.7029,0.2000,0.0000,0.0000,0.5000,0.0000,0.2000,0.0000,0.2500
73,0,0.0000,0.2381,0.0000,0.2500,0.2500,0.2500,0.0000,0.0000,0.0000,0.0000,0.0000,0.0000,0.0000,0.0000,0.0000,0.0000,0.0000,0.2500,0.1240,0.6494,0.0000,0.0000,0.4989,0.0000,0.1500,0.7775,0.2500,0.4145,0.0000,0.0000,0.0000,0.0000,0.0000,0.0000,0.8198,0.0000,0.0000,0.0000,0.0000,0.1730,0.5000,0.1000,0.5814,0.1000,0.2500,0.0000,0.0000,0.6164,0.0000,0.1578,0.2500,0.0000,0.0000,0.0000,0.0000,0.3205,0.0000,0.0000,0.0000,0.5000,0.5000,0.0000,0.6252,0.0000,0.0000,0.5000,0.1000,0.0000,0.0000,0.0000,0.0000,0.1927,0.7183,0.4209,0.0000,0.2805,0.2500,0.1000,0.0000,0.0000,0.5000,0.5000,0.2500,0.0000,0.0000,0.0000,0.5000,0.2500,0.2500,0.8564,0.0000,0.0000,0.1000,0.0000,0.4955,0.0000,0.3639,0.8059,0.0000,0.0000,0.5000,0.0000,0.2000,0.0000,0.2500
74,0,0.6544,0.0000,0.0000,0.2500,0.2500,0.2500,0.0000,0.0000,0.1108,0.0000,0.0000,0.0000,0.0000,0.0000,0.0000,0.0000,0.0000,0.2500,0.5000,0.1000,0.0000,0.0000,0.0000,0.0000,0.1500,0.0000,0.2500,0.0000,0.2095,0.0000,0.0000,0.0000,0.0000,0.0000,0.0000,0.0000,0.0000,0.0000,0.0000,0.1104,0.5000,0.1000,0.1000,0.1000,0.3329,0.0000,0.6504,0.6723,0.0000,0.2500,0.2500,0.0000,0.0000,0.0000,0.0000,0.1351,0.6528,0.0000,0.2102,0.5000,0.5000,0.0000,0.5125,0.0000,0.0000,0.5000,0.1000,0.0000,0.2779,0.1241,0.0000,0.9209,0.5000,0.1000,0.0000,0.0000,0.2500,0.1000,0.1380,0.9938,0.5836,0.8236,0.2500,0.0000,0.0000,0.0000,0.5000,0.2500,0.4292,0.0000,0.0000,0.0000,0.1000,0.0000,0.0000,0.5229,0.0000,0.2000,0.0000,0.1774,0.5000,0.0000,0.2000,0.0000,0.2500
75,0,0.0000,0.0000,0.0000,0.4548,0.2500,0.5063,0.0000,0.0000,0.0000,0.0000,0.0000,0.0000,0.0000,0.0000,0.0000,0.0000,0.0000,0.2500,0.5000,0.1000,0.0000,0.0000,0.0000,0.0000,0.1500,0.0000,0.2500,0.0000,0.3495,0.0000,0.0000,0.4488,0.0000,0.0000,0.0000,0.0000,0.0000,0.0000,0.0000,0.5000,0.4756,0.1000,0.1000,0.1000,0.2500,0.0000,0.0000,0.1000,0.0000,0.7421,0.0917,0.0000,0.0000,0.0000,0.0000,0.0000,0.0000,0.9287,0.0000,0.5000,0.5000,0.5661,0.0000,0.0000,0.0000,0.5000,0.1000,0.0000,0.0612,0.0000,0.3200,0.1000,0.0110,0.1000,0.5372,0.0000,0.9753,0.1000,0.0000,0.2622,0.5000,0.5000,0.2500,0.0000,0.0000,0.0000,0.8865,0.2500,0.7617,0.0000,0.0000,0.0000,0.1000,0.0000,0.0000,0.0000,0.0417,0.2000,0.0000,0.0000,0.5000,0.0000,0.2000,0.0000,0.2500
76,0,0.0000,0.0637,0.0000,0.2500,0.6697,0.2500,0.0000,0.0000,0.0000,0.8686,0.0000,0.0000,0.9192,0.0000,0.0000,0.0000,0.6360,0.2500,0.5000,0.1000,0.0000,0.0000,0.0000,0.0000,0.0978,0.0000,0.2500,0.0000,0.0000,0.0000,0.0000,0.0000,0.0000,0.0000,0.0000,0.2057,0.0000,0.0000,0.0000,0.5000,0.5000,0.1000,0.1000,0.1000,0.2500,0.0000,0.0000,0.1000,0.0000,0.2500,0.2500,0.0000,0.0000,0.0000,0.0000,0.2810,0.0000,0.0000,0.3135,0.5000,0.5000,0.6955,0.0000,0.0000,0.5179,0.5000,0.1000,0.0000,0.0000,0.0000,0.0984,0.1000,0.5000,0.1000,0.0000,0.0000,0.2500,0.5993,0.0000,0.0000,0.5000,0.7856,0.2500,0.0000,0.0000,0.0000,0.5000,0.0085,0.1842,0.0000,0.0000,0.9467,0.1000,0.0000,0.0000,0.1225,0.0000,0.2000,0.0000,0.0000,0.5000,0.0000,0.2000,0.0000,0.2500
77,0,0.0000,0.0000,0.0000,0.0000,0.0000,0.0000,0.0000,0.0000,0.0000,0.0000,0.0000,0.0000,0.0000,0.0000,0.0000,0.0000,0.0000,0.2500,0.5000,0.0000,0.0000,0.0000,0.0000,0.0000,0.0000,0.0000,0.0000,0.0000,0.0000,0.0000,0.0000,0.0000,0.0000,0.0000,0.0000,0.0000,0.0000,0.0000,0.0000,0.5000,0.5000,0.0000,0.0000,0.0000,0.0000,0.0000,0.0000,0.0000,0.0000,0.0000,0.0000,0.0000,0.0000,0.0000,0.0000,0.0000,0.0000,0.0000,0.0000,0.5000,0.5000,0.0000,0.0000,0.0000,0.0000,0.5000,0.0000,0.0000,0.0000,0.0000,0.0000,0.0000,0.5000,0.0000,0.0000,0.0000,0.0000,0.0000,0.0000,0.0000,0.5000,0.5000,0.0000,0.0000,0.0000,0.0000,0.2320,0.0000,0.0000,0.0000,0.0000,0.0000,0.0000,0.0000,0.0000,0.0000,0.0000,0.0000,0.0000,0.0000,0.5000,0.0000,0.0000,0.0000,0.0000
78,0,0.0000,0.0000,0.0000,0.0000,0.0000,0.0000,0.0000,0.0000,0.0000,0.0000,0.0000,0.0000,0.0000,0.0000,0.0000,0.0000,0.0000,0.4615,0.0819,0.0000,0.0000,0.0000,0.0000,0.0000,0.0000,0.0000,0.0000,0.0000,0.0000,0.0000,0.0000,0.0000,0.0000,0.0000,0.0000,0.0000,0.0000,0.0000,0.0000,0.5000,0.5000,0.0000,0.0000,0.0000,0.0000,0.0000,0.0000,0.0000,0.0000,0.0000,0.0000,0.0000,0.0000,0.0000,0.0000,0.0000,0.0000,0.0000,0.0000,0.4107,0.5000,0.0000,0.0000,0.0000,0.0000,0.5000,0.0000,0.0000,0.0000,0.0000,0.0000,0.0000,0.5000,0.0000,0.0000,0.0000,0.0000,0.0000,0.0000,0.0000,0.5000,0.5000,0.0000,0.0000,0.0000,0.0000,0.5000,0.0000,0.0000,0.0000,0.0000,0.0000,0.0000,0.0000,0.0000,0.0000,0.0000,0.0000,0.0000,0.0000,0.5000,0.0000,0.0000,0.0000,0.0000
79,0,0.6894,0.0000,0.0000,0.2500,0.2500,0.2500,0.0000,0.3902,0.0000,0.0000,0.1338,0.4087,0.0000,0.0000,0.0000,0.0000,0.0000,0.0118,0.3126,0.1000,0.0000,0.0000,0.0000,0.0000,0.1500,0.0000,0.2500,0.5420,0.0000,0.0000,0.0000,0.2209,0.0000,0.0000,0.0000,0.0000,0.0000,0.0000,0.0000,0.0586,0.5000,0.1000,0.1000,0.1000,0.2500,0.0000,0.9850,0.1000,0.0000,0.2500,0.4648,0.0000,0.0000,0.0000,0.0000,0.0000,0.0000,0.5614,0.7510,0.5000,0.5000,0.0000,0.0000,0.0189,0.0000,0.5000,0.1000,0.0000,0.0000,0.4754,0.2838,0.1678,0.5000,0.1000,0.9569,0.1780,0.2500,0.1000,0.0000,0.0000,0.5000,0.5000,0.2500,0.9789,0.0000,0.9330,0.5000,0.2500,0.2500,0.0000,0.0000,0.0000,0.1000,0.2581,0.0000,0.6267,0.6221,0.2000,0.0000,0.0000,0.4491,0.0000,0.2000,0.0000,0.2500
80,0,0.0000,0.0000,0.0000,0.2500,0.2500,0.2500,0.7688,0.5523,0.0000,0.0000,0.0000,0.0000,0.0000,0.0000,0.1559,0.5748,0.0000,0.2500,0.5000,0.7717,0.0000,0.0000,0.0000,0.0000,0.1500,0.4587,0.2500,0.0000,0.8177,0.0000,0.0000,0.9757,0.0000,0.0000,0.0000,0.0000,0.3100,0.5515,0.0000,0.5000,0.5133,0.1000,0.7212,0.1000,0.2500,0.7531,0.0000,0.1000,0.0458,0.2500,0.2500,0.0336,0.0000,0.9016,0.0000,0.4848,0.0000,0.0000,0.0000,0.5000,0.5000,0.0000,0.0000,0.0000,0.9857,0.5000,0.1000,0.0000,0.0256,0.0000,0.0000,0.1000,0.5000,0.1000,0.4600,0.0000,0.2500,0.1000,0.0000,0.9356,0.5000,0.5000,0.2500,0.0000,0.0000,0.0000,0.5000,0.2500,0.2500,0.3413,0.0000,0.0000,0.1000,0.0000,0.0000,0.5570,0.0000,0.8985,0.0000,0.0000,0.5000,0.5562,0.2000,0.7843,0.2500
81,0,0.5528,0.1995,0.0000,0.2500,0.2500,0.2500,0.0000,0.5103,0.0000,0.9912,0.0000,0.0000,0.0000,0.0000,0.0000,0.0000,0.1189,0.2500,0.5000,0.1000,0.0000,0.2760,0.0000,0.0000,0.4196,0.1723,0.1046,0.5321,0.0000,0.3587,0.6188,0.0000,0.0000,0.0000,0.0000,0.0000,0.0000,0.1548,0.0000,0.5000,0.5000,0.1000,0.1000,0.1000,0.2500,0.0000,0.0000,0.1000,0.0000,0.2500,0.2500,0.0000,0.2725,0.0000,0.0000,0.0000,0.0000,0.1986,0.0000,0.5000,0.5000,0.0000,0.0000,0.0000,0.0000,0.5000,0.1000,0.0000,0.0000,0.0000,0.0000,0.1000,0.5000,0.1000,0.0000,0.0000,0.5654,0.7531,0.0000,0.0000,0.5000,0.5000,0.2500,0.0000,0.2443,0.1474,0.1152,0.2500,0.0931,0.0000,0.0000,0.0000,0.1000,0.0000,0.4876,0.0000,0.0000,0.2000,0.0000,0.6207,0.5000,0.0991,0.2000,0.0000,0.2500
82,0,0.0000,0.6299,0.0000,0.2500,0.2500,0.2500,0.2527,0.7730,0.0000,0.0000,0.3631,0.0000,0.0000,0.0000,0.0000,0.0000,0.7896,0.8751,0.5000,0.1000,0.0000,0.0000,0.0000,0.0000,0.1500,0.0000,0.2500,0.0000,0.0000,0.0000,0.0000,0.0000,0.0000,0.0000,0.9009,0.0000,0.5607,0.0000,0.0000,0.5000,0.5000,0.1000,0.1000,0.1000,0.2500,0.0000,0.0000,0.1000,0.0000,0.8619,0.2500,0.0000,0.2964,0.0000,0.0000,0.0000,0.0000,0.0000,0.0000,0.5000,0.5000,0.0000,0.0000,0.0000,0.0000,0.5000,0.1000,0.0000,0.0000,0.0000,0.0000,0.1000,0.5000,0.1000,0.7643,0.0000,0.2500,0.1000,0.0000,0.1735,0.5000,0.5000,0.9325,0.0000,0.6707,0.0000,0.5000,0.3579,0.2500,0.0000,0.0000,0.0000,0.1000,0.0000,0.0000,0.0000,0.0000,0.2000,0.0000,0.0000,0.5000,0.0000,0.2000,0.0000,0.3817
83,0,0.0000,0.0000,0.0000,0.3228,0.2500,0.6570,0.0000,0.0000,0.0000,0.0000,0.0000,0.9829,0.7723,0.0000,0.0000,0.3525,0.0000,0.2500,0.5000,0.1000,0.0000,0.0000,0.0000,0.0629,0.1500,0.0000,0.2500,0.5712,0.0000,0.0000,0.0000,0.0000,0.0000,0.0000,0.0000,0.0000,0.0000,0.0000,0.5407,0.5000,0.5000,0.5429,0.1000,0.1000,0.2500,0.0000,0.3655,0.7378,0.0616,0.2500,0.2500,0.0000,0.0000,0.0000,0.0000,0.0000,0.4175,0.0000,0.0425,0.3256,0.5000,0.0000,0.5461,0.4258,0.0000,0.5000,0.1000,0.7558,0.0000,0.5847,0.8238,0.5339,0.5000,0.1000,0.0000,0.0000,0.2500,0.5874,0.0000,0.0000,0.5000,0.5000,0.2500,0.0000,0.0000,0.3800,0.5000,0.1379,0.2500,0.0000,0.0000,0.0000,0.1000,0.0000,0.0000,0.0000,0.0000,0.8848,0.0000,0.0000,0.5000,0.7195,0.2000,0.1520,0.0831
84,0,0.0000,0.0000,0.4962,0.2500,0.2500,0.2500,0.0000,0.1044,0.0000,0.0000,0.0000,0.6645,0.0000,0.0000,0.0000,0.0000,0.0000,0.2500,0.5000,0.5061,0.0000,0.1866,0.0000,0.0000,0.1500,0.0000,0.2500,0.0000,0.1267,0.0000,0.0000,0.0000,0.0000,0.0000,0.0000,0.0000,0.0000,0.0000,0.8513,0.0912,0.5000,0.1000,0.1000,0.1000,0.2500,0.0000,0.0000,0.6171,0.0000,0.2500,0.2500,0.0811,0.0000,0.0000,0.0000,0.0000,0.0000,0.0000,0.0000,0.8384,0.8718,0.0000,0.0000,0.0000,0.0000,0.5000,0.1000,0.0000,0.0000,0.0000,0.0000,0.1000,0.3261,0.1000,0.0000,0.3915,0.2500,0.1000,0.0000,0.4186,0.5311,0.5000,0.2500,0.0000,0.0000,0.8987,0.5000,0.2500,0.2500,0.0000,0.0000,0.1192,0.1000,0.0000,0.0000,0.9107,0.0000,0.2000,0.0000,0.0000,0.5000,0.0000,0.1272,0.0000,0.2500
85,0,0.0000,0.0000,0.0000,0.2500,0.2500,0.2500,0.0000,0.0000,0.0000,0.0000,0.3947,0.5717,0.0000,0.0000,0.5476,0.1027,0.0000,0.2500,0.5000,0.1000,0.0000,0.0000,0.0000,0.0000,0.1500,0.0000,0.2500,0.0000,0.3648,0.0000,0.0000,0.0000,0.0000,0.0000,0.0000,0.0000,0.0000,0.0000,0.7237,0.5000,0.5000,0.3919,0.1000,0.0821,0.2500,0.0000,0.4711,0.1000,0.0000,0.2500,0.2500,0.0000,0.0000,0.0000,0.0000,0.0000,0.0000,0.0000,0.0000,0.5000,0.8645,0.0000,0.0000,0.0000,0.9042,0.5000,0.1000,0.0000,0.0000,0.9553,0.0000,0.1000,0.5000,0.1000,0.0000,0.0960,0.2500,0.1000,0.0000,0.0000,0.5000,0.5000,0.2500,0.0000,0.5662,0.0000,0.5000,0.1253,0.7586,0.0323,0.0000,0.0000,0.1000,0.0000,0.0000,0.7570,0.8915,0.2000,0.0000,0.0000,0.8040,0.0000,0.2000,0.6419,0.2500
86,0,0.0000,0.0000,0.0000,0.2500,0.2500,0.2500,0.0000,0.0000,0.0000,0.0000,0.0000,0.0000,0.0000,0.0000,0.0000,0.0000,0.3792,0.2949,0.0992,0.1000,0.0000,0.0000,0.0000,0.0000,0.1500,0.0000,0.2500,0.0000,0.0000,0.0000,0.0000,0.0000,0.0000,0.0000,0.2023,0.0000,0.0000,0.0000,0.6048,0.5000,0.5000,0.7675,0.1000,0.8210,0.1538,0.0000,0.6804,0.1000,0.8264,0.2500,0.2500,0.0000,0.0000,0.6986,0.0000,0.0000,0.0000,0.0000,0.0000,0.5000,0.5000,0.1264,0.0000,0.4286,0.0000,0.5000,0.1000,0.0000,0.0000,0.2209,0.0000,0.1000,0.5000,0.1000,0.0000,0.0000,0.2500,0.4801,0.0000,0.0000,0.5000,0.2833,0.2500,0.0000,0.0935,0.0000,0.5000,0.2500,0.2500,0.8956,0.0000,0.0000,0.4635,0.5995,0.0000,0.0000,0.0000,0.2000,0.0000,0.0000,0.5000,0.0000,0.7292,0.7249,0.2500
87,0,0.0000,0.9403,0.0000,0.2500,0.0378,0.2500,0.0000,0.0000,0.0000,0.4308,0.3972,0.0000,0.0000,0.1830,0.0000,0.0000,0.0000,0.3543,0.5000,0.1000,0.0000,0.0000,0.0000,0.0000,0.1500,0.0000,0.2500,0.0000,0.7764,0.0000,0.0000,0.0000,0.0000,0.0000,0.0000,0.2230,0.0000,0.0000,0.0000,0.5000,0.5000,0.1000,0.1000,0.9880,0.2500,0.0000,0.0000,0.1000,0.0000,0.2500,0.2500,0.3801,0.0000,0.9734,0.8733,0.6669,0.0000,0.0000,0.0822,0.5000,0.1381,0.0000,0.0000,0.0000,0.0000,0.5000,0.1000,0.0000,0.9610,0.0000,0.0000,0.1000,0.5000,0.1000,0.3961,0.0000,0.2500,0.1000,0.0000,0.0000,0.5000,0.5000,0.2500,0.0000,0.0000,0.0000,0.5000,0.2766,0.2500,0.0000,0.0000,0.0000,0.1000,0.0000,0.0000,0.0000,0.1488,0.2000,0.0000,0.0000,0.5000,0.0000,0.2000,0.0000,0.2500
88,0,0.0000,0.0000,0.0000,0.2500,0.2500,0.2500,0.5095,0.0000,0.0000,0.3180,0.7079,0.0000,0.5943,0.0000,0.0000,0.0000,0.0000,0.2500,0.3031,0.1000,0.0000,0.9993,0.0000,0.8422,0.4602,0.9628,0.2500,0.0000,0.8773,0.0000,0.0000,0.2083,0.0000,0.0000,0.0000,0.0000,0.0000,0.0000,0.7284,0.8069,0.5000,0.1676,0.1000,0.1000,0.2500,0.0000,0.0000,0.1000,0.0000,0.2500,0.2500,0.0000,0.0000,0.0000,0.0000,0.0648,0.8816,0.2166,0.0000,0.5000,0.5000,0.0000,0.0000,0.0000,0.0000,0.5000,0.1000,0.3612,0.0922,0.0000,0.1981,0.1000,0.7595,0.1000,0.0000,0.1325,0.2500,0.1000,0.0000,0.6041,0.5000,0.5000,0.2500,0.1982,0.0000,0.0000,0.5000,0.2500,0.2500,0.0000,0.0000,0.0000,0.1000,0.7651,0.0000,0.0000,0.0000,0.2000,0.0000,0.0000,0.1043,0.0000,0.2000,0.0000,0.2500
89,0,0.0000,0.0000,0.0000,0.8459,0.0284,0.4091,0.0000,0.5982,0.0000,0.0000,0.0000,0.0000,0.5618,0.0000,0.0000,0.1892,0.0000,0.4474,0.5000,0.6524,0.0000,0.0000,0.1098,0.0000,0.1500,0.0000,0.2500,0.0000,0.9664,0.0000,0.0000,0.0000,0.0000,0.0000,0.0000,0.0000,0.0000,0.0000,0.0000,0.5000,0.7417,0.1000,0.1000,0.4947,0.6208,0.0000,0.0000,0.1000,0.9509,0.2500,0.2500,0.1709,0.0000,0.0000,0.0000,0.0000,0.1768,0.0000,0.6180,0.4536,0.5000,0.0000,0.0000,0.0000,0.0000,0.5000,0.1000,0.0933,0.4750,0.0000,0.0000,0.1000,0.5000,0.1000,0.6370,0.1662,0.2500,0.1000,0.0000,0.0000,0.9825,0.5000,0.2500,0.0000,0.3978,0.0364,0.5000,0.2500,0.2500,0.0239,0.0000,0.0000,0.1000,0.0000,0.2638,0.0000,0.0373,0.2000,0.0000,0.4125,0.5000,0.7539,0.2000,0.0000,0.2500
90,0,0.7989,0.5401,0.0000,0.2500,0.2500,0.2500,0.1476,0.8432,0.0000,0.0000,0.0000,0.0000,0.5768,0.0000,0.0000,0.0000,0.0000,0.2500,0.5000,0.0185,0.0000,0.0000,0.0000,0.0000,0.2883,0.0000,0.9811,0.0000,0.0000,0.0000,0.0000,0.0000,0.0000,0.0000,0.0000,0.0000,0.0000,0.0000,0.0000,0.5000,0.5450,0.1000,0.1000,0.1000,0.3361,0.0000,0.0000,0.1000,0.0000,0.2500,0.2054,0.0000,0.0000,0.0000,0.0000,0.4049,0.0000,0.0000,0.0000,0.5000,0.5000,0.0000,0.9320,0.0000,0.0000,0.5000,0.1000,0.7988,0.5572,0.0000,0.0000,0.1000,0.5000,0.1000,0.0000,0.8284,0.2500,0.6595,0.0000,0.0000,0.5000,0.5000,0.8440,0.0000,0.0000,0.0000,0.5000,0.4749,0.2500,0.0000,0.0000,0.0000,0.1000,0.1846,0.0000,0.9866,0.0000,0.2000,0.0000,0.0000,0.5000,0.0000,0.6188,0.0000,0.2500
